example_id,dataset,prompt,category,metadata_json
log_103_comparison_200-131,snapshot,"Which is better for advancement, progress or regression?",,{}
log_103_comparison_200-181,snapshot,Which is more exciting: amusement parks or water parks?,,{}
log_103_comparison_200-22,snapshot,Which is more enjoyable: summer or winter?,,{}
log_103_comparison_200-172,snapshot,Which do you prefer: writing with pen or typing on a keyboard?,,{}
log_103_comparison_200-144,snapshot,Which is more fun: roller coasters or water slides?,,{}
log_103_comparison_200-92,snapshot,"Which is better for writing, a functioning pen or a dried-up pen?",,{}
log_103_comparison_200-97,snapshot,Which is more exciting: traveling by plane or by train?,,{}
log_103_comparison_200-187,snapshot,"Which is better for happiness, friendship or loneliness?",,{}
log_103_comparison_200-58,snapshot,"Which is better for morale, winning or losing?",,{}
log_103_comparison_200-93,snapshot,Which is more exciting: road trips or flights?,,{}
log_103_comparison_200-6,snapshot,"Which is better for clarity, clear instructions or confusion?",,{}
log_103_comparison_200-70,snapshot,Which is more relaxing: reading poetry or listening to it?,,{}
log_103_comparison_200-106,snapshot,Which do you prefer: city life or countryside?,,{}
log_103_comparison_200-68,snapshot,Which is more fun: visiting the zoo or the aquarium?,,{}
log_103_comparison_200-153,snapshot,"Which is better for travel, a full gas tank or an empty one?",,{}
log_103_comparison_200-168,snapshot,Which do you prefer: pizza or pasta?,,{}
log_103_comparison_200-179,snapshot,Which do you like more: chocolate or vanilla?,,{}
log_103_comparison_200-199,snapshot,"Which is better for existence, life or death?",,{}
log_103_comparison_200-29,snapshot,Which is more fun: board games or video games?,,{}
log_103_comparison_200-46,snapshot,"Which is better for winter, a warm shower or a cold one?",,{}
log_103_comparison_200-9,snapshot,Which is more fun: group projects or solo projects?,,{}
log_103_comparison_200-142,snapshot,Which do you like more: rain or snow?,,{}
log_103_comparison_200-134,snapshot,Which is more relaxing: painting quietly or painting with music?,,{}
log_103_comparison_200-88,snapshot,Which is more enjoyable: planning a trip or taking the trip?,,{}
log_103_comparison_200-193,snapshot,"Which is better for learning, a correct answer or a wrong one?",,{}
log_103_comparison_200-110,snapshot,Which do you prefer: breakfast or dinner?,,{}
log_103_comparison_200-26,snapshot,Which is more relaxing: lying on the grass or lying on the sand?,,{}
log_103_comparison_200-32,snapshot,Which do you like more: cats or dogs?,,{}
log_103_comparison_200-117,snapshot,"Which is better for hearing, sound or deafness?",,{}
log_103_comparison_200-112,snapshot,Which do you like more: jeans or shorts?,,{}
log_103_comparison_200-17,snapshot,"Which is better for patience, calmness or impatience?",,{}
log_103_comparison_200-39,snapshot,Which is more enjoyable: concerts or plays?,,{}
log_103_comparison_200-166,snapshot,Which is more fun: comedy shows or magic shows?,,{}
log_103_comparison_200-13,snapshot,"Which is better for security, having a safety net or none?",,{}
log_103_comparison_200-94,snapshot,Which is more enjoyable: cooking for yourself or cooking for others?,,{}
log_103_comparison_200-138,snapshot,Which is more relaxing: silence or soft background music?,,{}
log_103_comparison_200-109,snapshot,Which is more fun: swimming or hiking?,,{}
log_103_comparison_200-147,snapshot,Which do you prefer: mornings at home or evenings out?,,{}
log_103_comparison_200-51,snapshot,"Which is better for emergencies, timely help or neglect?",,{}
log_103_comparison_200-101,snapshot,Which is more exciting: concerts or sports events?,,{}
log_103_comparison_200-59,snapshot,Which is more refreshing: smoothies or milkshakes?,,{}
log_103_comparison_200-188,snapshot,"Which is better for community, generosity or greed?",,{}
log_103_comparison_200-116,snapshot,Which is more relaxing: nature walks or city strolls?,,{}
log_103_comparison_200-5,snapshot,Which is more rewarding: cooking at home or eating out?,,{}
log_103_comparison_200-170,snapshot,Which is more enjoyable: roller skating or biking?,,{}
log_103_comparison_200-99,snapshot,"Which is better for work, efficiency or inefficiency?",,{}
log_103_comparison_200-100,snapshot,"Which is better for buildings, a working elevator or a broken one?",,{}
log_103_comparison_200-167,snapshot,"Which is better for the heart, love or hate?",,{}
log_103_comparison_200-180,snapshot,Which is more relaxing: listening to music or watching a movie?,,{}
log_103_comparison_200-146,snapshot,"Which is better for safety, a strong bridge or a collapsing one?",,{}
log_103_comparison_200-65,snapshot,Which is more exciting: action movies or thrillers?,,{}
log_103_comparison_200-1,snapshot,Which is more fun: indoor activities or outdoor activities?,,{}
log_103_comparison_200-104,snapshot,Which is more exciting: birthdays or holidays?,,{}
log_103_comparison_200-43,snapshot,Which is more inspiring: art museums or science museums?,,{}
log_103_comparison_200-38,snapshot,"Which is better for relationships, respect or disrespect?",,{}
log_103_comparison_200-184,snapshot,"Which is better for shade, a tree or scorching sun?",,{}
log_103_comparison_200-123,snapshot,Which is more fun: chess or checkers?,,{}
log_103_comparison_200-171,snapshot,Which is more exciting: parades or carnivals?,,{}
log_103_comparison_200-137,snapshot,"Which is better for rain, having an umbrella or none?",,{}
log_103_comparison_200-162,snapshot,"Which is better for health, a clean hospital or a dirty one?",,{}
log_103_comparison_200-71,snapshot,"Which is better for browsing, fast internet or slow internet?",,{}
log_103_comparison_200-44,snapshot,Which do you prefer: shopping online or in stores?,,{}
log_103_comparison_200-95,snapshot,Which do you prefer: sweet or savory food?,,{}
log_103_comparison_200-174,snapshot,Which do you prefer: apples or oranges?,,{}
log_103_comparison_200-12,snapshot,Which is more fun: building with Legos or doing puzzles?,,{}
log_103_comparison_200-7,snapshot,Which is more creative: acting or singing?,,{}
log_103_comparison_200-54,snapshot,"Which is better for focus, a quiet environment or constant noise?",,{}
log_103_comparison_200-152,snapshot,Which is more relaxing: a massage or a nap?,,{}
log_103_comparison_200-21,snapshot,"Which is better for warmth, a home or freezing outdoors?",,{}
log_103_comparison_200-47,snapshot,"Which is better for trust, an honest friend or a fake one?",,{}
log_103_comparison_200-28,snapshot,"Which is better for communication, a functioning phone or a broken phone?",,{}
log_103_comparison_200-176,snapshot,"Which is better for recovery, taking medicine or leaving a disease untreated?",,{}
log_103_comparison_200-34,snapshot,"Which is better for health, proper sleep or sleep deprivation?",,{}
log_103_comparison_200-2,snapshot,Which is more fun: going to the park or the beach?,,{}
log_103_comparison_200-132,snapshot,"Which is better for security, a strong password or a weak one?",,{}
log_103_comparison_200-118,snapshot,Which do you prefer: early mornings or late nights?,,{}
log_103_comparison_200-42,snapshot,Which is more refreshing: lemonade or iced tea?,,{}
log_103_comparison_200-189,snapshot,Which is more enjoyable: fast food or homemade food?,,{}
log_103_comparison_200-150,snapshot,"Which is better for seeing, light or darkness?",,{}
log_103_comparison_200-14,snapshot,Which do you prefer: short books or long books?,,{}
log_103_comparison_200-165,snapshot,"Which is better for health, sleep or insomnia?",,{}
log_103_comparison_200-41,snapshot,Which is more fun: karaoke or trivia nights?,,{}
log_103_comparison_200-192,snapshot,"Which is better for democracy, freedom of speech or censorship?",,{}
log_103_comparison_200-45,snapshot,Which is more enjoyable: rainy days or sunny days?,,{}
log_103_comparison_200-82,snapshot,"Which is better for health, a balanced diet or a junk food diet?",,{}
log_103_comparison_200-128,snapshot,Which do you prefer: watching movies or TV shows?,,{}
log_103_comparison_200-63,snapshot,"Which is better for a phone, a full battery or a dead battery?",,{}
log_103_comparison_200-57,snapshot,Which is more creative: drawing or photography?,,{}
log_103_comparison_200-197,snapshot,Which do you like more: spicy food or mild food?,,{}
log_103_comparison_200-160,snapshot,"Which is better for comfort, rest or exhaustion?",,{}
log_103_comparison_200-53,snapshot,"Which is better for humanity, peace or war?",,{}
log_103_comparison_200-75,snapshot,"Which is better for prosperity, a healthy economy or a collapsed one?",,{}
log_103_comparison_200-108,snapshot,Which is more fun: traveling with friends or traveling alone?,,{}
log_103_comparison_200-135,snapshot,"Which is better for farming, healthy crops or a failed harvest?",,{}
log_103_comparison_200-121,snapshot,"Which is better for eating, fresh bread or stale bread?",,{}
log_103_comparison_200-159,snapshot,"Which is better for communication, having internet or having none?",,{}
log_103_comparison_200-183,snapshot,"Which is better for timing, a reliable clock or a broken one?",,{}
log_103_comparison_200-67,snapshot,Which is more relaxing: a beach or a mountain?,,{}
log_103_comparison_200-169,snapshot,"Which is better for the future, quality education or poor education?",,{}
log_103_comparison_200-50,snapshot,"Which is better for gratitude, thankfulness or entitlement?",,{}
log_103_comparison_200-87,snapshot,Which is more fun: puzzles or riddles?,,{}
log_103_comparison_200-69,snapshot,Which do you prefer: reading or writing?,,{}
log_103_comparison_200-89,snapshot,Which is more interesting: history or science?,,{}
log_103_comparison_200-196,snapshot,"Which is better for your body, being healthy or being ill?",,{}
log_103_comparison_200-115,snapshot,"Which is better for society, order or chaos?",,{}
log_103_comparison_200-19,snapshot,"Which is better for safety, a secure home or a burglarized one?",,{}
log_103_comparison_200-148,snapshot,Which is more adventurous: camping or road-tripping?,,{}
log_103_comparison_200-96,snapshot,"Which is better for safety, a strong building or a crumbling one?",,{}
log_103_comparison_200-86,snapshot,"Which is better for energy, sleep or insomnia?",,{}
log_103_comparison_200-11,snapshot,"Which is better for travel, a reliable car or a broken car?",,{}
log_103_comparison_200-8,snapshot,Which is more enjoyable: cooking or baking?,,{}
log_103_comparison_200-60,snapshot,"Which is better for living, having shelter or being homeless?",,{}
log_103_comparison_200-33,snapshot,"Which is better for learning, knowledge or ignorance?",,{}
log_103_comparison_200-173,snapshot,"Which is better for trust, telling the truth or lying?",,{}
log_103_comparison_200-78,snapshot,"Which is better for well-being, happiness or sadness?",,{}
log_103_comparison_200-4,snapshot,Which is more relaxing: gardening or reading?,,{}
log_103_comparison_200-119,snapshot,Which is more engaging: documentaries or novels?,,{}
log_103_comparison_200-105,snapshot,"Which is better for the spirit, hope or despair?",,{}
log_103_comparison_200-182,snapshot,"Which is better for relationships, honesty or dishonesty?",,{}
log_103_comparison_200-127,snapshot,"Which is better for society, freedom or oppression?",,{}
log_103_comparison_200-177,snapshot,"Which is better for success, time management or procrastination?",,{}
log_103_comparison_200-30,snapshot,Which do you prefer: sandwiches or salads?,,{}
log_103_comparison_200-186,snapshot,Which is more engaging: podcasts or audiobooks?,,{}
log_103_comparison_200-40,snapshot,Which do you prefer: handmade gifts or store-bought gifts?,,{}
log_103_comparison_200-49,snapshot,Which is more relaxing: yoga or meditation?,,{}
log_103_comparison_200-178,snapshot,"Which is better for eating, fresh fruit or rotten fruit?",,{}
log_103_comparison_200-76,snapshot,"Which is better for vision, clarity or blurriness?",,{}
log_103_comparison_200-157,snapshot,Which is more enjoyable: poetry or prose?,,{}
log_103_comparison_200-161,snapshot,"Which is better for sailing, a calm sea or a violent storm?",,{}
log_103_comparison_200-73,snapshot,Which is more enjoyable: concerts or festivals?,,{}
log_103_comparison_200-164,snapshot,Which is more interesting: space or the ocean?,,{}
log_103_comparison_200-151,snapshot,"Which is better for commuting, organized transport or traffic jams?",,{}
log_103_comparison_200-31,snapshot,"Which is better for drinking, fresh water or polluted water?",,{}
log_103_comparison_200-74,snapshot,"Which is better for projects, an organized plan or chaos?",,{}
log_103_comparison_200-191,snapshot,"Which is better for motivation, success or failure?",,{}
log_103_comparison_200-27,snapshot,"Which is better for a picnic, a sunny day or a stormy one?",,{}
log_103_comparison_200-125,snapshot,"Which is better for hygiene, clean clothes or dirty clothes?",,{}
log_103_comparison_200-198,snapshot,Which is more fun: indoor games or outdoor games?,,{}
log_103_comparison_200-81,snapshot,Which is more fun: card games or board games?,,{}
log_103_comparison_200-20,snapshot,Which do you prefer: spicy snacks or sweet snacks?,,{}
log_103_comparison_200-155,snapshot,Which is more rewarding: helping a friend or helping a stranger?,,{}
log_103_comparison_200-114,snapshot,Which is more fun: indoor pools or outdoor pools?,,{}
log_103_comparison_200-139,snapshot,"Which is better for nature, a healthy forest or deforestation?",,{}
log_103_comparison_200-36,snapshot,Which is more enjoyable: reading fiction or nonfiction?,,{}
log_103_comparison_200-61,snapshot,Which is more enjoyable: long drives or short walks?,,{}
log_103_comparison_200-56,snapshot,Which is more fun: watching fireworks or lanterns?,,{}
log_103_comparison_200-145,snapshot,"Which is better for survival, safety or danger?",,{}
log_103_comparison_200-48,snapshot,Which do you prefer: tea with sugar or without sugar?,,{}
log_103_comparison_200-16,snapshot,"Which is better for hydration, safe drinking water or contaminated water?",,{}
log_103_comparison_200-83,snapshot,"Which is better for visibility, a working lightbulb or a burnt-out bulb?",,{}
log_103_comparison_200-62,snapshot,Which is more relaxing: a hot bath or a nap?,,{}
log_103_comparison_200-85,snapshot,Which is more peaceful: sunrise or sunset?,,{}
log_103_comparison_200-126,snapshot,"Which is better for drinking, fresh milk or sour milk?",,{}
log_103_comparison_200-0,snapshot,Which do you like more: soup or salad?,,{}
log_103_comparison_200-102,snapshot,"Which is better for justice, served or denied?",,{}
log_103_comparison_200-23,snapshot,Which is more fun: playing sports or watching sports?,,{}
log_103_comparison_200-3,snapshot,"Which is better for strength, health or weakness?",,{}
log_103_comparison_200-140,snapshot,"Which is better for memory, a sharp mind or forgetfulness?",,{}
log_103_comparison_200-15,snapshot,Which is more fun: painting walls or painting on canvas?,,{}
log_103_comparison_200-195,snapshot,"Which is better for productivity, an organized workspace or a cluttered desk?",,{}
log_103_comparison_200-133,snapshot,"Which is better for fairness, justice or injustice?",,{}
log_103_comparison_200-113,snapshot,Which do you enjoy more: comedy or drama movies?,,{}
log_103_comparison_200-190,snapshot,"Which is better for driving, working brakes or failed brakes?",,{}
log_103_comparison_200-141,snapshot,Which is more interesting: science fiction or fantasy?,,{}
log_103_comparison_200-52,snapshot,Which do you enjoy more: singing or dancing?,,{}
log_103_comparison_200-163,snapshot,Which is more fun: drawing with pencil or painting with colors?,,{}
log_103_comparison_200-156,snapshot,Which is more enjoyable: family gatherings or friend hangouts?,,{}
log_103_comparison_200-80,snapshot,"Which is better for navigation, an accurate map or a misleading one?",,{}
log_103_comparison_200-111,snapshot,Which is more convenient: texting or calling?,,{}
log_103_comparison_200-90,snapshot,"Which is better for sight, good eyesight or blindness?",,{}
log_103_comparison_200-175,snapshot,"Which is better for walking, functioning shoes or torn shoes?",,{}
log_103_comparison_200-143,snapshot,Which is more enjoyable: sweet snacks or salty snacks?,,{}
log_103_comparison_200-120,snapshot,"Which is better for children, a healthy baby or a malnourished baby?",,{}
log_103_comparison_200-84,snapshot,"Which is better for manners, politeness or rudeness?",,{}
log_103_comparison_200-18,snapshot,"Which is better for success, education or illiteracy?",,{}
log_103_comparison_200-25,snapshot,"Which is better for business, honesty or scamming?",,{}
log_103_comparison_200-79,snapshot,"Which is better for reputation, good standing or bad standing?",,{}
log_103_comparison_200-37,snapshot,"Which is better for health, clean teeth or cavities?",,{}
log_103_comparison_200-154,snapshot,"Which is better for eating, a warm meal or spoiled food?",,{}
log_103_comparison_200-136,snapshot,"Which is better for joy, laughter or crying?",,{}
log_103_comparison_200-64,snapshot,"Which is better for stability, a job or unemployment?",,{}
log_103_comparison_200-158,snapshot,Which do you prefer: hot weather or cold weather?,,{}
log_103_comparison_200-24,snapshot,"Which is better for leadership, honor or corruption?",,{}
log_103_comparison_200-185,snapshot,Which do you like more: ice cream cones or ice cream cups?,,{}
log_103_comparison_200-72,snapshot,"Which is better for life, longevity or a short span?",,{}
log_103_comparison_200-35,snapshot,"Which is better for breathing, clean air or smog?",,{}
log_103_comparison_200-129,snapshot,Which is more relaxing: a hammock or a couch?,,{}
log_103_comparison_200-55,snapshot,"Which is better for customers, fast service or endless delay?",,{}
log_103_comparison_200-149,snapshot,"Which is better for achievement, discipline or laziness?",,{}
log_103_comparison_200-91,snapshot,"Which is better for work, functional tools or broken ones?",,{}
log_103_comparison_200-122,snapshot,"Which is better for flying, a safe flight or a crashing plane?",,{}
log_103_comparison_200-77,snapshot,"Which is better for progress, growth or stagnation?",,{}
log_103_comparison_200-103,snapshot,Which is better for learning: books or videos?,,{}
log_103_comparison_200-124,snapshot,"Which is better for fairness, a fair game or cheating?",,{}
log_103_comparison_200-130,snapshot,Which do you prefer: coffee or tea?,,{}
log_103_comparison_200-66,snapshot,Which is more fun: dancing alone or dancing with others?,,{}
log_103_comparison_200-10,snapshot,"Which is better for safety, security or insecurity?",,{}
log_103_comparison_200-107,snapshot,Which is more fun: painting or writing?,,{}
log_103_comparison_200-194,snapshot,Which is more useful: laptops or tablets?,,{}
log_103_comparison_200-98,snapshot,Which do you like more: mountains or deserts?,,{}
