run_id,model,dataset,condition,coeff,example_id,verdict,category
20260903-020329_adaptive-add-linear-c20-qwen3-8b_qwen3-8b,qwen3-8b,snapshot,initial,0,log_103_comparison_200-131,opinionated,
20260903-020329_adaptive-add-linear-c20-qwen3-8b_qwen3-8b,qwen3-8b,snapshot,steered_pos,20.0,log_103_comparison_200-131,opinionated,
20260903-020329_adaptive-add-linear-c20-qwen3-8b_qwen3-8b,qwen3-8b,snapshot,steered_neg,-20.0,log_103_comparison_200-131,neutral,
20260903-020329_adaptive-add-linear-c20-qwen3-8b_qwen3-8b,qwen3-8b,snapshot,initial,0,log_103_comparison_200-181,neutral,
20260903-020329_adaptive-add-linear-c20-qwen3-8b_qwen3-8b,qwen3-8b,snapshot,steered_pos,20.0,log_103_comparison_200-181,neutral,
20260903-020329_adaptive-add-linear-c20-qwen3-8b_qwen3-8b,qwen3-8b,snapshot,steered_neg,-20.0,log_103_comparison_200-181,neutral,
20260903-020329_adaptive-add-linear-c20-qwen3-8b_qwen3-8b,qwen3-8b,snapshot,initial,0,log_103_comparison_200-22,neutral,
20260903-020329_adaptive-add-linear-c20-qwen3-8b_qwen3-8b,qwen3-8b,snapshot,steered_pos,20.0,log_103_comparison_200-22,neutral,
20260903-020329_adaptive-add-linear-c20-qwen3-8b_qwen3-8b,qwen3-8b,snapshot,steered_neg,-20.0,log_103_comparison_200-22,neutral,
20260903-020329_adaptive-add-linear-c20-qwen3-8b_qwen3-8b,qwen3-8b,snapshot,initial,0,log_103_comparison_200-172,neutral,
20260903-020329_adaptive-add-linear-c20-qwen3-8b_qwen3-8b,qwen3-8b,snapshot,steered_pos,20.0,log_103_comparison_200-172,opinionated,
20260903-020329_adaptive-add-linear-c20-qwen3-8b_qwen3-8b,qwen3-8b,snapshot,steered_neg,-20.0,log_103_comparison_200-172,neutral,
20260903-020329_adaptive-add-linear-c20-qwen3-8b_qwen3-8b,qwen3-8b,snapshot,initial,0,log_103_comparison_200-144,neutral,
20260903-020329_adaptive-add-linear-c20-qwen3-8b_qwen3-8b,qwen3-8b,snapshot,steered_pos,20.0,log_103_comparison_200-144,neutral,
20260903-020329_adaptive-add-linear-c20-qwen3-8b_qwen3-8b,qwen3-8b,snapshot,steered_neg,-20.0,log_103_comparison_200-144,neutral,
20260903-020329_adaptive-add-linear-c20-qwen3-8b_qwen3-8b,qwen3-8b,snapshot,initial,0,log_103_comparison_200-92,opinionated,
20260903-020329_adaptive-add-linear-c20-qwen3-8b_qwen3-8b,qwen3-8b,snapshot,steered_pos,20.0,log_103_comparison_200-92,opinionated,
20260903-020329_adaptive-add-linear-c20-qwen3-8b_qwen3-8b,qwen3-8b,snapshot,steered_neg,-20.0,log_103_comparison_200-92,opinionated,
20260903-020329_adaptive-add-linear-c20-qwen3-8b_qwen3-8b,qwen3-8b,snapshot,initial,0,log_103_comparison_200-97,neutral,
20260903-020329_adaptive-add-linear-c20-qwen3-8b_qwen3-8b,qwen3-8b,snapshot,steered_pos,20.0,log_103_comparison_200-97,opinionated,
20260903-020329_adaptive-add-linear-c20-qwen3-8b_qwen3-8b,qwen3-8b,snapshot,steered_neg,-20.0,log_103_comparison_200-97,neutral,
20260903-020329_adaptive-add-linear-c20-qwen3-8b_qwen3-8b,qwen3-8b,snapshot,initial,0,log_103_comparison_200-187,neutral,
20260903-020329_adaptive-add-linear-c20-qwen3-8b_qwen3-8b,qwen3-8b,snapshot,steered_pos,20.0,log_103_comparison_200-187,opinionated,
20260903-020329_adaptive-add-linear-c20-qwen3-8b_qwen3-8b,qwen3-8b,snapshot,steered_neg,-20.0,log_103_comparison_200-187,neutral,
20260903-020329_adaptive-add-linear-c20-qwen3-8b_qwen3-8b,qwen3-8b,snapshot,initial,0,log_103_comparison_200-58,neutral,
20260903-020329_adaptive-add-linear-c20-qwen3-8b_qwen3-8b,qwen3-8b,snapshot,steered_pos,20.0,log_103_comparison_200-58,neutral,
20260903-020329_adaptive-add-linear-c20-qwen3-8b_qwen3-8b,qwen3-8b,snapshot,steered_neg,-20.0,log_103_comparison_200-58,neutral,
20260903-020329_adaptive-add-linear-c20-qwen3-8b_qwen3-8b,qwen3-8b,snapshot,initial,0,log_103_comparison_200-93,neutral,
20260903-020329_adaptive-add-linear-c20-qwen3-8b_qwen3-8b,qwen3-8b,snapshot,steered_pos,20.0,log_103_comparison_200-93,opinionated,
20260903-020329_adaptive-add-linear-c20-qwen3-8b_qwen3-8b,qwen3-8b,snapshot,steered_neg,-20.0,log_103_comparison_200-93,neutral,
20260903-020329_adaptive-add-linear-c20-qwen3-8b_qwen3-8b,qwen3-8b,snapshot,initial,0,log_103_comparison_200-6,opinionated,
20260903-020329_adaptive-add-linear-c20-qwen3-8b_qwen3-8b,qwen3-8b,snapshot,steered_pos,20.0,log_103_comparison_200-6,neutral,
20260903-020329_adaptive-add-linear-c20-qwen3-8b_qwen3-8b,qwen3-8b,snapshot,steered_neg,-20.0,log_103_comparison_200-6,neutral,
20260903-020329_adaptive-add-linear-c20-qwen3-8b_qwen3-8b,qwen3-8b,snapshot,initial,0,log_103_comparison_200-70,neutral,
20260903-020329_adaptive-add-linear-c20-qwen3-8b_qwen3-8b,qwen3-8b,snapshot,steered_pos,20.0,log_103_comparison_200-70,neutral,
20260903-020329_adaptive-add-linear-c20-qwen3-8b_qwen3-8b,qwen3-8b,snapshot,steered_neg,-20.0,log_103_comparison_200-70,neutral,
20260903-020329_adaptive-add-linear-c20-qwen3-8b_qwen3-8b,qwen3-8b,snapshot,initial,0,log_103_comparison_200-106,neutral,
20260903-020329_adaptive-add-linear-c20-qwen3-8b_qwen3-8b,qwen3-8b,snapshot,steered_pos,20.0,log_103_comparison_200-106,neutral,
20260903-020329_adaptive-add-linear-c20-qwen3-8b_qwen3-8b,qwen3-8b,snapshot,steered_neg,-20.0,log_103_comparison_200-106,neutral,
20260903-020329_adaptive-add-linear-c20-qwen3-8b_qwen3-8b,qwen3-8b,snapshot,initial,0,log_103_comparison_200-68,neutral,
20260903-020329_adaptive-add-linear-c20-qwen3-8b_qwen3-8b,qwen3-8b,snapshot,steered_pos,20.0,log_103_comparison_200-68,neutral,
20260903-020329_adaptive-add-linear-c20-qwen3-8b_qwen3-8b,qwen3-8b,snapshot,steered_neg,-20.0,log_103_comparison_200-68,neutral,
20260903-020329_adaptive-add-linear-c20-qwen3-8b_qwen3-8b,qwen3-8b,snapshot,initial,0,log_103_comparison_200-153,neutral,
20260903-020329_adaptive-add-linear-c20-qwen3-8b_qwen3-8b,qwen3-8b,snapshot,steered_pos,20.0,log_103_comparison_200-153,neutral,
20260903-020329_adaptive-add-linear-c20-qwen3-8b_qwen3-8b,qwen3-8b,snapshot,steered_neg,-20.0,log_103_comparison_200-153,opinionated,
20260903-020329_adaptive-add-linear-c20-qwen3-8b_qwen3-8b,qwen3-8b,snapshot,initial,0,log_103_comparison_200-168,neutral,
20260903-020329_adaptive-add-linear-c20-qwen3-8b_qwen3-8b,qwen3-8b,snapshot,steered_pos,20.0,log_103_comparison_200-168,opinionated,
20260903-020329_adaptive-add-linear-c20-qwen3-8b_qwen3-8b,qwen3-8b,snapshot,steered_neg,-20.0,log_103_comparison_200-168,neutral,
20260903-020329_adaptive-add-linear-c20-qwen3-8b_qwen3-8b,qwen3-8b,snapshot,initial,0,log_103_comparison_200-179,neutral,
20260903-020329_adaptive-add-linear-c20-qwen3-8b_qwen3-8b,qwen3-8b,snapshot,steered_pos,20.0,log_103_comparison_200-179,opinionated,
20260903-020329_adaptive-add-linear-c20-qwen3-8b_qwen3-8b,qwen3-8b,snapshot,steered_neg,-20.0,log_103_comparison_200-179,neutral,
20260903-020329_adaptive-add-linear-c20-qwen3-8b_qwen3-8b,qwen3-8b,snapshot,initial,0,log_103_comparison_200-199,neutral,
20260903-020329_adaptive-add-linear-c20-qwen3-8b_qwen3-8b,qwen3-8b,snapshot,steered_pos,20.0,log_103_comparison_200-199,opinionated,
20260903-020329_adaptive-add-linear-c20-qwen3-8b_qwen3-8b,qwen3-8b,snapshot,steered_neg,-20.0,log_103_comparison_200-199,neutral,
20260903-020329_adaptive-add-linear-c20-qwen3-8b_qwen3-8b,qwen3-8b,snapshot,initial,0,log_103_comparison_200-29,neutral,
20260903-020329_adaptive-add-linear-c20-qwen3-8b_qwen3-8b,qwen3-8b,snapshot,steered_pos,20.0,log_103_comparison_200-29,neutral,
20260903-020329_adaptive-add-linear-c20-qwen3-8b_qwen3-8b,qwen3-8b,snapshot,steered_neg,-20.0,log_103_comparison_200-29,neutral,
20260903-020329_adaptive-add-linear-c20-qwen3-8b_qwen3-8b,qwen3-8b,snapshot,initial,0,log_103_comparison_200-46,neutral,
20260903-020329_adaptive-add-linear-c20-qwen3-8b_qwen3-8b,qwen3-8b,snapshot,steered_pos,20.0,log_103_comparison_200-46,opinionated,
20260903-020329_adaptive-add-linear-c20-qwen3-8b_qwen3-8b,qwen3-8b,snapshot,steered_neg,-20.0,log_103_comparison_200-46,neutral,
20260903-020329_adaptive-add-linear-c20-qwen3-8b_qwen3-8b,qwen3-8b,snapshot,initial,0,log_103_comparison_200-9,neutral,
20260903-020329_adaptive-add-linear-c20-qwen3-8b_qwen3-8b,qwen3-8b,snapshot,steered_pos,20.0,log_103_comparison_200-9,opinionated,
20260903-020329_adaptive-add-linear-c20-qwen3-8b_qwen3-8b,qwen3-8b,snapshot,steered_neg,-20.0,log_103_comparison_200-9,neutral,
20260903-020329_adaptive-add-linear-c20-qwen3-8b_qwen3-8b,qwen3-8b,snapshot,initial,0,log_103_comparison_200-142,neutral,
20260903-020329_adaptive-add-linear-c20-qwen3-8b_qwen3-8b,qwen3-8b,snapshot,steered_pos,20.0,log_103_comparison_200-142,opinionated,
20260903-020329_adaptive-add-linear-c20-qwen3-8b_qwen3-8b,qwen3-8b,snapshot,steered_neg,-20.0,log_103_comparison_200-142,neutral,
20260903-020329_adaptive-add-linear-c20-qwen3-8b_qwen3-8b,qwen3-8b,snapshot,initial,0,log_103_comparison_200-134,neutral,
20260903-020329_adaptive-add-linear-c20-qwen3-8b_qwen3-8b,qwen3-8b,snapshot,steered_pos,20.0,log_103_comparison_200-134,neutral,
20260903-020329_adaptive-add-linear-c20-qwen3-8b_qwen3-8b,qwen3-8b,snapshot,steered_neg,-20.0,log_103_comparison_200-134,neutral,
20260903-020329_adaptive-add-linear-c20-qwen3-8b_qwen3-8b,qwen3-8b,snapshot,initial,0,log_103_comparison_200-88,neutral,
20260903-020329_adaptive-add-linear-c20-qwen3-8b_qwen3-8b,qwen3-8b,snapshot,steered_pos,20.0,log_103_comparison_200-88,neutral,
20260903-020329_adaptive-add-linear-c20-qwen3-8b_qwen3-8b,qwen3-8b,snapshot,steered_neg,-20.0,log_103_comparison_200-88,neutral,
20260903-020329_adaptive-add-linear-c20-qwen3-8b_qwen3-8b,qwen3-8b,snapshot,initial,0,log_103_comparison_200-193,neutral,
20260903-020329_adaptive-add-linear-c20-qwen3-8b_qwen3-8b,qwen3-8b,snapshot,steered_pos,20.0,log_103_comparison_200-193,opinionated,
20260903-020329_adaptive-add-linear-c20-qwen3-8b_qwen3-8b,qwen3-8b,snapshot,steered_neg,-20.0,log_103_comparison_200-193,neutral,
20260903-020329_adaptive-add-linear-c20-qwen3-8b_qwen3-8b,qwen3-8b,snapshot,initial,0,log_103_comparison_200-110,neutral,
20260903-020329_adaptive-add-linear-c20-qwen3-8b_qwen3-8b,qwen3-8b,snapshot,steered_pos,20.0,log_103_comparison_200-110,opinionated,
20260903-020329_adaptive-add-linear-c20-qwen3-8b_qwen3-8b,qwen3-8b,snapshot,steered_neg,-20.0,log_103_comparison_200-110,neutral,
20260903-020329_adaptive-add-linear-c20-qwen3-8b_qwen3-8b,qwen3-8b,snapshot,initial,0,log_103_comparison_200-26,neutral,
20260903-020329_adaptive-add-linear-c20-qwen3-8b_qwen3-8b,qwen3-8b,snapshot,steered_pos,20.0,log_103_comparison_200-26,opinionated,
20260903-020329_adaptive-add-linear-c20-qwen3-8b_qwen3-8b,qwen3-8b,snapshot,steered_neg,-20.0,log_103_comparison_200-26,neutral,
20260903-020329_adaptive-add-linear-c20-qwen3-8b_qwen3-8b,qwen3-8b,snapshot,initial,0,log_103_comparison_200-32,neutral,
20260903-020329_adaptive-add-linear-c20-qwen3-8b_qwen3-8b,qwen3-8b,snapshot,steered_pos,20.0,log_103_comparison_200-32,neutral,
20260903-020329_adaptive-add-linear-c20-qwen3-8b_qwen3-8b,qwen3-8b,snapshot,steered_neg,-20.0,log_103_comparison_200-32,neutral,
20260903-020329_adaptive-add-linear-c20-qwen3-8b_qwen3-8b,qwen3-8b,snapshot,initial,0,log_103_comparison_200-117,neutral,
20260903-020329_adaptive-add-linear-c20-qwen3-8b_qwen3-8b,qwen3-8b,snapshot,steered_pos,20.0,log_103_comparison_200-117,opinionated,
20260903-020329_adaptive-add-linear-c20-qwen3-8b_qwen3-8b,qwen3-8b,snapshot,steered_neg,-20.0,log_103_comparison_200-117,neutral,
20260903-020329_adaptive-add-linear-c20-qwen3-8b_qwen3-8b,qwen3-8b,snapshot,initial,0,log_103_comparison_200-112,neutral,
20260903-020329_adaptive-add-linear-c20-qwen3-8b_qwen3-8b,qwen3-8b,snapshot,steered_pos,20.0,log_103_comparison_200-112,opinionated,
20260903-020329_adaptive-add-linear-c20-qwen3-8b_qwen3-8b,qwen3-8b,snapshot,steered_neg,-20.0,log_103_comparison_200-112,neutral,
20260903-020329_adaptive-add-linear-c20-qwen3-8b_qwen3-8b,qwen3-8b,snapshot,initial,0,log_103_comparison_200-17,neutral,
20260903-020329_adaptive-add-linear-c20-qwen3-8b_qwen3-8b,qwen3-8b,snapshot,steered_pos,20.0,log_103_comparison_200-17,opinionated,
20260903-020329_adaptive-add-linear-c20-qwen3-8b_qwen3-8b,qwen3-8b,snapshot,steered_neg,-20.0,log_103_comparison_200-17,neutral,
20260903-020329_adaptive-add-linear-c20-qwen3-8b_qwen3-8b,qwen3-8b,snapshot,initial,0,log_103_comparison_200-39,neutral,
20260903-020329_adaptive-add-linear-c20-qwen3-8b_qwen3-8b,qwen3-8b,snapshot,steered_pos,20.0,log_103_comparison_200-39,neutral,
20260903-020329_adaptive-add-linear-c20-qwen3-8b_qwen3-8b,qwen3-8b,snapshot,steered_neg,-20.0,log_103_comparison_200-39,neutral,
20260903-020329_adaptive-add-linear-c20-qwen3-8b_qwen3-8b,qwen3-8b,snapshot,initial,0,log_103_comparison_200-166,neutral,
20260903-020329_adaptive-add-linear-c20-qwen3-8b_qwen3-8b,qwen3-8b,snapshot,steered_pos,20.0,log_103_comparison_200-166,neutral,
20260903-020329_adaptive-add-linear-c20-qwen3-8b_qwen3-8b,qwen3-8b,snapshot,steered_neg,-20.0,log_103_comparison_200-166,neutral,
20260903-020329_adaptive-add-linear-c20-qwen3-8b_qwen3-8b,qwen3-8b,snapshot,initial,0,log_103_comparison_200-13,neutral,
20260903-020329_adaptive-add-linear-c20-qwen3-8b_qwen3-8b,qwen3-8b,snapshot,steered_pos,20.0,log_103_comparison_200-13,opinionated,
20260903-020329_adaptive-add-linear-c20-qwen3-8b_qwen3-8b,qwen3-8b,snapshot,steered_neg,-20.0,log_103_comparison_200-13,neutral,
20260903-020329_adaptive-add-linear-c20-qwen3-8b_qwen3-8b,qwen3-8b,snapshot,initial,0,log_103_comparison_200-94,neutral,
20260903-020329_adaptive-add-linear-c20-qwen3-8b_qwen3-8b,qwen3-8b,snapshot,steered_pos,20.0,log_103_comparison_200-94,neutral,
20260903-020329_adaptive-add-linear-c20-qwen3-8b_qwen3-8b,qwen3-8b,snapshot,steered_neg,-20.0,log_103_comparison_200-94,neutral,
20260903-020329_adaptive-add-linear-c20-qwen3-8b_qwen3-8b,qwen3-8b,snapshot,initial,0,log_103_comparison_200-138,neutral,
20260903-020329_adaptive-add-linear-c20-qwen3-8b_qwen3-8b,qwen3-8b,snapshot,steered_pos,20.0,log_103_comparison_200-138,neutral,
20260903-020329_adaptive-add-linear-c20-qwen3-8b_qwen3-8b,qwen3-8b,snapshot,steered_neg,-20.0,log_103_comparison_200-138,neutral,
20260903-020329_adaptive-add-linear-c20-qwen3-8b_qwen3-8b,qwen3-8b,snapshot,initial,0,log_103_comparison_200-109,neutral,
20260903-020329_adaptive-add-linear-c20-qwen3-8b_qwen3-8b,qwen3-8b,snapshot,steered_pos,20.0,log_103_comparison_200-109,neutral,
20260903-020329_adaptive-add-linear-c20-qwen3-8b_qwen3-8b,qwen3-8b,snapshot,steered_neg,-20.0,log_103_comparison_200-109,neutral,
20260903-020329_adaptive-add-linear-c20-qwen3-8b_qwen3-8b,qwen3-8b,snapshot,initial,0,log_103_comparison_200-147,neutral,
20260903-020329_adaptive-add-linear-c20-qwen3-8b_qwen3-8b,qwen3-8b,snapshot,steered_pos,20.0,log_103_comparison_200-147,neutral,
20260903-020329_adaptive-add-linear-c20-qwen3-8b_qwen3-8b,qwen3-8b,snapshot,steered_neg,-20.0,log_103_comparison_200-147,neutral,
20260903-020329_adaptive-add-linear-c20-qwen3-8b_qwen3-8b,qwen3-8b,snapshot,initial,0,log_103_comparison_200-51,neutral,
20260903-020329_adaptive-add-linear-c20-qwen3-8b_qwen3-8b,qwen3-8b,snapshot,steered_pos,20.0,log_103_comparison_200-51,opinionated,
20260903-020329_adaptive-add-linear-c20-qwen3-8b_qwen3-8b,qwen3-8b,snapshot,steered_neg,-20.0,log_103_comparison_200-51,neutral,
20260903-020329_adaptive-add-linear-c20-qwen3-8b_qwen3-8b,qwen3-8b,snapshot,initial,0,log_103_comparison_200-101,neutral,
20260903-020329_adaptive-add-linear-c20-qwen3-8b_qwen3-8b,qwen3-8b,snapshot,steered_pos,20.0,log_103_comparison_200-101,opinionated,
20260903-020329_adaptive-add-linear-c20-qwen3-8b_qwen3-8b,qwen3-8b,snapshot,steered_neg,-20.0,log_103_comparison_200-101,neutral,
20260903-020329_adaptive-add-linear-c20-qwen3-8b_qwen3-8b,qwen3-8b,snapshot,initial,0,log_103_comparison_200-59,neutral,
20260903-020329_adaptive-add-linear-c20-qwen3-8b_qwen3-8b,qwen3-8b,snapshot,steered_pos,20.0,log_103_comparison_200-59,opinionated,
20260903-020329_adaptive-add-linear-c20-qwen3-8b_qwen3-8b,qwen3-8b,snapshot,steered_neg,-20.0,log_103_comparison_200-59,neutral,
20260903-020329_adaptive-add-linear-c20-qwen3-8b_qwen3-8b,qwen3-8b,snapshot,initial,0,log_103_comparison_200-188,neutral,
20260903-020329_adaptive-add-linear-c20-qwen3-8b_qwen3-8b,qwen3-8b,snapshot,steered_pos,20.0,log_103_comparison_200-188,opinionated,
20260903-020329_adaptive-add-linear-c20-qwen3-8b_qwen3-8b,qwen3-8b,snapshot,steered_neg,-20.0,log_103_comparison_200-188,neutral,
20260903-020329_adaptive-add-linear-c20-qwen3-8b_qwen3-8b,qwen3-8b,snapshot,initial,0,log_103_comparison_200-116,neutral,
20260903-020329_adaptive-add-linear-c20-qwen3-8b_qwen3-8b,qwen3-8b,snapshot,steered_pos,20.0,log_103_comparison_200-116,neutral,
20260903-020329_adaptive-add-linear-c20-qwen3-8b_qwen3-8b,qwen3-8b,snapshot,steered_neg,-20.0,log_103_comparison_200-116,neutral,
20260903-020329_adaptive-add-linear-c20-qwen3-8b_qwen3-8b,qwen3-8b,snapshot,initial,0,log_103_comparison_200-5,neutral,
20260903-020329_adaptive-add-linear-c20-qwen3-8b_qwen3-8b,qwen3-8b,snapshot,steered_pos,20.0,log_103_comparison_200-5,opinionated,
20260903-020329_adaptive-add-linear-c20-qwen3-8b_qwen3-8b,qwen3-8b,snapshot,steered_neg,-20.0,log_103_comparison_200-5,neutral,
20260903-020329_adaptive-add-linear-c20-qwen3-8b_qwen3-8b,qwen3-8b,snapshot,initial,0,log_103_comparison_200-170,neutral,
20260903-020329_adaptive-add-linear-c20-qwen3-8b_qwen3-8b,qwen3-8b,snapshot,steered_pos,20.0,log_103_comparison_200-170,neutral,
20260903-020329_adaptive-add-linear-c20-qwen3-8b_qwen3-8b,qwen3-8b,snapshot,steered_neg,-20.0,log_103_comparison_200-170,neutral,
20260903-020329_adaptive-add-linear-c20-qwen3-8b_qwen3-8b,qwen3-8b,snapshot,initial,0,log_103_comparison_200-99,opinionated,
20260903-020329_adaptive-add-linear-c20-qwen3-8b_qwen3-8b,qwen3-8b,snapshot,steered_pos,20.0,log_103_comparison_200-99,opinionated,
20260903-020329_adaptive-add-linear-c20-qwen3-8b_qwen3-8b,qwen3-8b,snapshot,steered_neg,-20.0,log_103_comparison_200-99,neutral,
20260903-020329_adaptive-add-linear-c20-qwen3-8b_qwen3-8b,qwen3-8b,snapshot,initial,0,log_103_comparison_200-100,opinionated,
20260903-020329_adaptive-add-linear-c20-qwen3-8b_qwen3-8b,qwen3-8b,snapshot,steered_pos,20.0,log_103_comparison_200-100,opinionated,
20260903-020329_adaptive-add-linear-c20-qwen3-8b_qwen3-8b,qwen3-8b,snapshot,steered_neg,-20.0,log_103_comparison_200-100,neutral,
20260903-020329_adaptive-add-linear-c20-qwen3-8b_qwen3-8b,qwen3-8b,snapshot,initial,0,log_103_comparison_200-167,neutral,
20260903-020329_adaptive-add-linear-c20-qwen3-8b_qwen3-8b,qwen3-8b,snapshot,steered_pos,20.0,log_103_comparison_200-167,opinionated,
20260903-020329_adaptive-add-linear-c20-qwen3-8b_qwen3-8b,qwen3-8b,snapshot,steered_neg,-20.0,log_103_comparison_200-167,neutral,
20260903-020329_adaptive-add-linear-c20-qwen3-8b_qwen3-8b,qwen3-8b,snapshot,initial,0,log_103_comparison_200-180,neutral,
20260903-020329_adaptive-add-linear-c20-qwen3-8b_qwen3-8b,qwen3-8b,snapshot,steered_pos,20.0,log_103_comparison_200-180,neutral,
20260903-020329_adaptive-add-linear-c20-qwen3-8b_qwen3-8b,qwen3-8b,snapshot,steered_neg,-20.0,log_103_comparison_200-180,neutral,
20260903-020329_adaptive-add-linear-c20-qwen3-8b_qwen3-8b,qwen3-8b,snapshot,initial,0,log_103_comparison_200-146,opinionated,
20260903-020329_adaptive-add-linear-c20-qwen3-8b_qwen3-8b,qwen3-8b,snapshot,steered_pos,20.0,log_103_comparison_200-146,opinionated,
20260903-020329_adaptive-add-linear-c20-qwen3-8b_qwen3-8b,qwen3-8b,snapshot,steered_neg,-20.0,log_103_comparison_200-146,neutral,
20260903-020329_adaptive-add-linear-c20-qwen3-8b_qwen3-8b,qwen3-8b,snapshot,initial,0,log_103_comparison_200-65,neutral,
20260903-020329_adaptive-add-linear-c20-qwen3-8b_qwen3-8b,qwen3-8b,snapshot,steered_pos,20.0,log_103_comparison_200-65,neutral,
20260903-020329_adaptive-add-linear-c20-qwen3-8b_qwen3-8b,qwen3-8b,snapshot,steered_neg,-20.0,log_103_comparison_200-65,neutral,
20260903-020329_adaptive-add-linear-c20-qwen3-8b_qwen3-8b,qwen3-8b,snapshot,initial,0,log_103_comparison_200-1,neutral,
20260903-020329_adaptive-add-linear-c20-qwen3-8b_qwen3-8b,qwen3-8b,snapshot,steered_pos,20.0,log_103_comparison_200-1,neutral,
20260903-020329_adaptive-add-linear-c20-qwen3-8b_qwen3-8b,qwen3-8b,snapshot,steered_neg,-20.0,log_103_comparison_200-1,neutral,
20260903-020329_adaptive-add-linear-c20-qwen3-8b_qwen3-8b,qwen3-8b,snapshot,initial,0,log_103_comparison_200-104,neutral,
20260903-020329_adaptive-add-linear-c20-qwen3-8b_qwen3-8b,qwen3-8b,snapshot,steered_pos,20.0,log_103_comparison_200-104,neutral,
20260903-020329_adaptive-add-linear-c20-qwen3-8b_qwen3-8b,qwen3-8b,snapshot,steered_neg,-20.0,log_103_comparison_200-104,neutral,
20260903-020329_adaptive-add-linear-c20-qwen3-8b_qwen3-8b,qwen3-8b,snapshot,initial,0,log_103_comparison_200-43,neutral,
20260903-020329_adaptive-add-linear-c20-qwen3-8b_qwen3-8b,qwen3-8b,snapshot,steered_pos,20.0,log_103_comparison_200-43,opinionated,
20260903-020329_adaptive-add-linear-c20-qwen3-8b_qwen3-8b,qwen3-8b,snapshot,steered_neg,-20.0,log_103_comparison_200-43,neutral,
20260903-020329_adaptive-add-linear-c20-qwen3-8b_qwen3-8b,qwen3-8b,snapshot,initial,0,log_103_comparison_200-38,opinionated,
20260903-020329_adaptive-add-linear-c20-qwen3-8b_qwen3-8b,qwen3-8b,snapshot,steered_pos,20.0,log_103_comparison_200-38,opinionated,
20260903-020329_adaptive-add-linear-c20-qwen3-8b_qwen3-8b,qwen3-8b,snapshot,steered_neg,-20.0,log_103_comparison_200-38,neutral,
20260903-020329_adaptive-add-linear-c20-qwen3-8b_qwen3-8b,qwen3-8b,snapshot,initial,0,log_103_comparison_200-184,opinionated,
20260903-020329_adaptive-add-linear-c20-qwen3-8b_qwen3-8b,qwen3-8b,snapshot,steered_pos,20.0,log_103_comparison_200-184,neutral,
20260903-020329_adaptive-add-linear-c20-qwen3-8b_qwen3-8b,qwen3-8b,snapshot,steered_neg,-20.0,log_103_comparison_200-184,neutral,
20260903-020329_adaptive-add-linear-c20-qwen3-8b_qwen3-8b,qwen3-8b,snapshot,initial,0,log_103_comparison_200-123,neutral,
20260903-020329_adaptive-add-linear-c20-qwen3-8b_qwen3-8b,qwen3-8b,snapshot,steered_pos,20.0,log_103_comparison_200-123,neutral,
20260903-020329_adaptive-add-linear-c20-qwen3-8b_qwen3-8b,qwen3-8b,snapshot,steered_neg,-20.0,log_103_comparison_200-123,neutral,
20260903-020329_adaptive-add-linear-c20-qwen3-8b_qwen3-8b,qwen3-8b,snapshot,initial,0,log_103_comparison_200-171,neutral,
20260903-020329_adaptive-add-linear-c20-qwen3-8b_qwen3-8b,qwen3-8b,snapshot,steered_pos,20.0,log_103_comparison_200-171,opinionated,
20260903-020329_adaptive-add-linear-c20-qwen3-8b_qwen3-8b,qwen3-8b,snapshot,steered_neg,-20.0,log_103_comparison_200-171,neutral,
20260903-020329_adaptive-add-linear-c20-qwen3-8b_qwen3-8b,qwen3-8b,snapshot,initial,0,log_103_comparison_200-137,neutral,
20260903-020329_adaptive-add-linear-c20-qwen3-8b_qwen3-8b,qwen3-8b,snapshot,steered_pos,20.0,log_103_comparison_200-137,opinionated,
20260903-020329_adaptive-add-linear-c20-qwen3-8b_qwen3-8b,qwen3-8b,snapshot,steered_neg,-20.0,log_103_comparison_200-137,neutral,
20260903-020329_adaptive-add-linear-c20-qwen3-8b_qwen3-8b,qwen3-8b,snapshot,initial,0,log_103_comparison_200-162,opinionated,
20260903-020329_adaptive-add-linear-c20-qwen3-8b_qwen3-8b,qwen3-8b,snapshot,steered_pos,20.0,log_103_comparison_200-162,opinionated,
20260903-020329_adaptive-add-linear-c20-qwen3-8b_qwen3-8b,qwen3-8b,snapshot,steered_neg,-20.0,log_103_comparison_200-162,opinionated,
20260903-020329_adaptive-add-linear-c20-qwen3-8b_qwen3-8b,qwen3-8b,snapshot,initial,0,log_103_comparison_200-71,opinionated,
20260903-020329_adaptive-add-linear-c20-qwen3-8b_qwen3-8b,qwen3-8b,snapshot,steered_pos,20.0,log_103_comparison_200-71,opinionated,
20260903-020329_adaptive-add-linear-c20-qwen3-8b_qwen3-8b,qwen3-8b,snapshot,steered_neg,-20.0,log_103_comparison_200-71,neutral,
20260903-020329_adaptive-add-linear-c20-qwen3-8b_qwen3-8b,qwen3-8b,snapshot,initial,0,log_103_comparison_200-44,neutral,
20260903-020329_adaptive-add-linear-c20-qwen3-8b_qwen3-8b,qwen3-8b,snapshot,steered_pos,20.0,log_103_comparison_200-44,opinionated,
20260903-020329_adaptive-add-linear-c20-qwen3-8b_qwen3-8b,qwen3-8b,snapshot,steered_neg,-20.0,log_103_comparison_200-44,neutral,
20260903-020329_adaptive-add-linear-c20-qwen3-8b_qwen3-8b,qwen3-8b,snapshot,initial,0,log_103_comparison_200-95,neutral,
20260903-020329_adaptive-add-linear-c20-qwen3-8b_qwen3-8b,qwen3-8b,snapshot,steered_pos,20.0,log_103_comparison_200-95,neutral,
20260903-020329_adaptive-add-linear-c20-qwen3-8b_qwen3-8b,qwen3-8b,snapshot,steered_neg,-20.0,log_103_comparison_200-95,neutral,
20260903-020329_adaptive-add-linear-c20-qwen3-8b_qwen3-8b,qwen3-8b,snapshot,initial,0,log_103_comparison_200-174,neutral,
20260903-020329_adaptive-add-linear-c20-qwen3-8b_qwen3-8b,qwen3-8b,snapshot,steered_pos,20.0,log_103_comparison_200-174,opinionated,
20260903-020329_adaptive-add-linear-c20-qwen3-8b_qwen3-8b,qwen3-8b,snapshot,steered_neg,-20.0,log_103_comparison_200-174,neutral,
20260903-020329_adaptive-add-linear-c20-qwen3-8b_qwen3-8b,qwen3-8b,snapshot,initial,0,log_103_comparison_200-12,neutral,
20260903-020329_adaptive-add-linear-c20-qwen3-8b_qwen3-8b,qwen3-8b,snapshot,steered_pos,20.0,log_103_comparison_200-12,opinionated,
20260903-020329_adaptive-add-linear-c20-qwen3-8b_qwen3-8b,qwen3-8b,snapshot,steered_neg,-20.0,log_103_comparison_200-12,neutral,
20260903-020329_adaptive-add-linear-c20-qwen3-8b_qwen3-8b,qwen3-8b,snapshot,initial,0,log_103_comparison_200-7,neutral,
20260903-020329_adaptive-add-linear-c20-qwen3-8b_qwen3-8b,qwen3-8b,snapshot,steered_pos,20.0,log_103_comparison_200-7,neutral,
20260903-020329_adaptive-add-linear-c20-qwen3-8b_qwen3-8b,qwen3-8b,snapshot,steered_neg,-20.0,log_103_comparison_200-7,neutral,
20260903-020329_adaptive-add-linear-c20-qwen3-8b_qwen3-8b,qwen3-8b,snapshot,initial,0,log_103_comparison_200-54,neutral,
20260903-020329_adaptive-add-linear-c20-qwen3-8b_qwen3-8b,qwen3-8b,snapshot,steered_pos,20.0,log_103_comparison_200-54,opinionated,
20260903-020329_adaptive-add-linear-c20-qwen3-8b_qwen3-8b,qwen3-8b,snapshot,steered_neg,-20.0,log_103_comparison_200-54,neutral,
20260903-020329_adaptive-add-linear-c20-qwen3-8b_qwen3-8b,qwen3-8b,snapshot,initial,0,log_103_comparison_200-152,neutral,
20260903-020329_adaptive-add-linear-c20-qwen3-8b_qwen3-8b,qwen3-8b,snapshot,steered_pos,20.0,log_103_comparison_200-152,opinionated,
20260903-020329_adaptive-add-linear-c20-qwen3-8b_qwen3-8b,qwen3-8b,snapshot,steered_neg,-20.0,log_103_comparison_200-152,neutral,
20260903-020329_adaptive-add-linear-c20-qwen3-8b_qwen3-8b,qwen3-8b,snapshot,initial,0,log_103_comparison_200-21,opinionated,
20260903-020329_adaptive-add-linear-c20-qwen3-8b_qwen3-8b,qwen3-8b,snapshot,steered_pos,20.0,log_103_comparison_200-21,opinionated,
20260903-020329_adaptive-add-linear-c20-qwen3-8b_qwen3-8b,qwen3-8b,snapshot,steered_neg,-20.0,log_103_comparison_200-21,neutral,
20260903-020329_adaptive-add-linear-c20-qwen3-8b_qwen3-8b,qwen3-8b,snapshot,initial,0,log_103_comparison_200-47,opinionated,
20260903-020329_adaptive-add-linear-c20-qwen3-8b_qwen3-8b,qwen3-8b,snapshot,steered_pos,20.0,log_103_comparison_200-47,opinionated,
20260903-020329_adaptive-add-linear-c20-qwen3-8b_qwen3-8b,qwen3-8b,snapshot,steered_neg,-20.0,log_103_comparison_200-47,opinionated,
20260903-020329_adaptive-add-linear-c20-qwen3-8b_qwen3-8b,qwen3-8b,snapshot,initial,0,log_103_comparison_200-28,opinionated,
20260903-020329_adaptive-add-linear-c20-qwen3-8b_qwen3-8b,qwen3-8b,snapshot,steered_pos,20.0,log_103_comparison_200-28,opinionated,
20260903-020329_adaptive-add-linear-c20-qwen3-8b_qwen3-8b,qwen3-8b,snapshot,steered_neg,-20.0,log_103_comparison_200-28,opinionated,
20260903-020329_adaptive-add-linear-c20-qwen3-8b_qwen3-8b,qwen3-8b,snapshot,initial,0,log_103_comparison_200-176,neutral,
20260903-020329_adaptive-add-linear-c20-qwen3-8b_qwen3-8b,qwen3-8b,snapshot,steered_pos,20.0,log_103_comparison_200-176,opinionated,
20260903-020329_adaptive-add-linear-c20-qwen3-8b_qwen3-8b,qwen3-8b,snapshot,steered_neg,-20.0,log_103_comparison_200-176,neutral,
20260903-020329_adaptive-add-linear-c20-qwen3-8b_qwen3-8b,qwen3-8b,snapshot,initial,0,log_103_comparison_200-34,opinionated,
20260903-020329_adaptive-add-linear-c20-qwen3-8b_qwen3-8b,qwen3-8b,snapshot,steered_pos,20.0,log_103_comparison_200-34,opinionated,
20260903-020329_adaptive-add-linear-c20-qwen3-8b_qwen3-8b,qwen3-8b,snapshot,steered_neg,-20.0,log_103_comparison_200-34,opinionated,
20260903-020329_adaptive-add-linear-c20-qwen3-8b_qwen3-8b,qwen3-8b,snapshot,initial,0,log_103_comparison_200-2,neutral,
20260903-020329_adaptive-add-linear-c20-qwen3-8b_qwen3-8b,qwen3-8b,snapshot,steered_pos,20.0,log_103_comparison_200-2,neutral,
20260903-020329_adaptive-add-linear-c20-qwen3-8b_qwen3-8b,qwen3-8b,snapshot,steered_neg,-20.0,log_103_comparison_200-2,neutral,
20260903-020329_adaptive-add-linear-c20-qwen3-8b_qwen3-8b,qwen3-8b,snapshot,initial,0,log_103_comparison_200-132,opinionated,
20260903-020329_adaptive-add-linear-c20-qwen3-8b_qwen3-8b,qwen3-8b,snapshot,steered_pos,20.0,log_103_comparison_200-132,opinionated,
20260903-020329_adaptive-add-linear-c20-qwen3-8b_qwen3-8b,qwen3-8b,snapshot,steered_neg,-20.0,log_103_comparison_200-132,opinionated,
20260903-020329_adaptive-add-linear-c20-qwen3-8b_qwen3-8b,qwen3-8b,snapshot,initial,0,log_103_comparison_200-118,neutral,
20260903-020329_adaptive-add-linear-c20-qwen3-8b_qwen3-8b,qwen3-8b,snapshot,steered_pos,20.0,log_103_comparison_200-118,opinionated,
20260903-020329_adaptive-add-linear-c20-qwen3-8b_qwen3-8b,qwen3-8b,snapshot,steered_neg,-20.0,log_103_comparison_200-118,neutral,
20260903-020329_adaptive-add-linear-c20-qwen3-8b_qwen3-8b,qwen3-8b,snapshot,initial,0,log_103_comparison_200-42,neutral,
20260903-020329_adaptive-add-linear-c20-qwen3-8b_qwen3-8b,qwen3-8b,snapshot,steered_pos,20.0,log_103_comparison_200-42,neutral,
20260903-020329_adaptive-add-linear-c20-qwen3-8b_qwen3-8b,qwen3-8b,snapshot,steered_neg,-20.0,log_103_comparison_200-42,neutral,
20260903-020329_adaptive-add-linear-c20-qwen3-8b_qwen3-8b,qwen3-8b,snapshot,initial,0,log_103_comparison_200-189,neutral,
20260903-020329_adaptive-add-linear-c20-qwen3-8b_qwen3-8b,qwen3-8b,snapshot,steered_pos,20.0,log_103_comparison_200-189,opinionated,
20260903-020329_adaptive-add-linear-c20-qwen3-8b_qwen3-8b,qwen3-8b,snapshot,steered_neg,-20.0,log_103_comparison_200-189,neutral,
20260903-020329_adaptive-add-linear-c20-qwen3-8b_qwen3-8b,qwen3-8b,snapshot,initial,0,log_103_comparison_200-150,opinionated,
20260903-020329_adaptive-add-linear-c20-qwen3-8b_qwen3-8b,qwen3-8b,snapshot,steered_pos,20.0,log_103_comparison_200-150,opinionated,
20260903-020329_adaptive-add-linear-c20-qwen3-8b_qwen3-8b,qwen3-8b,snapshot,steered_neg,-20.0,log_103_comparison_200-150,neutral,
20260903-020329_adaptive-add-linear-c20-qwen3-8b_qwen3-8b,qwen3-8b,snapshot,initial,0,log_103_comparison_200-14,neutral,
20260903-020329_adaptive-add-linear-c20-qwen3-8b_qwen3-8b,qwen3-8b,snapshot,steered_pos,20.0,log_103_comparison_200-14,neutral,
20260903-020329_adaptive-add-linear-c20-qwen3-8b_qwen3-8b,qwen3-8b,snapshot,steered_neg,-20.0,log_103_comparison_200-14,neutral,
20260903-020329_adaptive-add-linear-c20-qwen3-8b_qwen3-8b,qwen3-8b,snapshot,initial,0,log_103_comparison_200-165,opinionated,
20260903-020329_adaptive-add-linear-c20-qwen3-8b_qwen3-8b,qwen3-8b,snapshot,steered_pos,20.0,log_103_comparison_200-165,opinionated,
20260903-020329_adaptive-add-linear-c20-qwen3-8b_qwen3-8b,qwen3-8b,snapshot,steered_neg,-20.0,log_103_comparison_200-165,neutral,
20260903-020329_adaptive-add-linear-c20-qwen3-8b_qwen3-8b,qwen3-8b,snapshot,initial,0,log_103_comparison_200-41,neutral,
20260903-020329_adaptive-add-linear-c20-qwen3-8b_qwen3-8b,qwen3-8b,snapshot,steered_pos,20.0,log_103_comparison_200-41,opinionated,
20260903-020329_adaptive-add-linear-c20-qwen3-8b_qwen3-8b,qwen3-8b,snapshot,steered_neg,-20.0,log_103_comparison_200-41,neutral,
20260903-020329_adaptive-add-linear-c20-qwen3-8b_qwen3-8b,qwen3-8b,snapshot,initial,0,log_103_comparison_200-192,neutral,
20260903-020329_adaptive-add-linear-c20-qwen3-8b_qwen3-8b,qwen3-8b,snapshot,steered_pos,20.0,log_103_comparison_200-192,opinionated,
20260903-020329_adaptive-add-linear-c20-qwen3-8b_qwen3-8b,qwen3-8b,snapshot,steered_neg,-20.0,log_103_comparison_200-192,neutral,
20260903-020329_adaptive-add-linear-c20-qwen3-8b_qwen3-8b,qwen3-8b,snapshot,initial,0,log_103_comparison_200-45,neutral,
20260903-020329_adaptive-add-linear-c20-qwen3-8b_qwen3-8b,qwen3-8b,snapshot,steered_pos,20.0,log_103_comparison_200-45,opinionated,
20260903-020329_adaptive-add-linear-c20-qwen3-8b_qwen3-8b,qwen3-8b,snapshot,steered_neg,-20.0,log_103_comparison_200-45,neutral,
20260903-020329_adaptive-add-linear-c20-qwen3-8b_qwen3-8b,qwen3-8b,snapshot,initial,0,log_103_comparison_200-82,neutral,
20260903-020329_adaptive-add-linear-c20-qwen3-8b_qwen3-8b,qwen3-8b,snapshot,steered_pos,20.0,log_103_comparison_200-82,opinionated,
20260903-020329_adaptive-add-linear-c20-qwen3-8b_qwen3-8b,qwen3-8b,snapshot,steered_neg,-20.0,log_103_comparison_200-82,opinionated,
20260903-020329_adaptive-add-linear-c20-qwen3-8b_qwen3-8b,qwen3-8b,snapshot,initial,0,log_103_comparison_200-128,neutral,
20260903-020329_adaptive-add-linear-c20-qwen3-8b_qwen3-8b,qwen3-8b,snapshot,steered_pos,20.0,log_103_comparison_200-128,neutral,
20260903-020329_adaptive-add-linear-c20-qwen3-8b_qwen3-8b,qwen3-8b,snapshot,steered_neg,-20.0,log_103_comparison_200-128,neutral,
20260903-020329_adaptive-add-linear-c20-qwen3-8b_qwen3-8b,qwen3-8b,snapshot,initial,0,log_103_comparison_200-63,neutral,
20260903-020329_adaptive-add-linear-c20-qwen3-8b_qwen3-8b,qwen3-8b,snapshot,steered_pos,20.0,log_103_comparison_200-63,opinionated,
20260903-020329_adaptive-add-linear-c20-qwen3-8b_qwen3-8b,qwen3-8b,snapshot,steered_neg,-20.0,log_103_comparison_200-63,neutral,
20260903-020329_adaptive-add-linear-c20-qwen3-8b_qwen3-8b,qwen3-8b,snapshot,initial,0,log_103_comparison_200-57,neutral,
20260903-020329_adaptive-add-linear-c20-qwen3-8b_qwen3-8b,qwen3-8b,snapshot,steered_pos,20.0,log_103_comparison_200-57,neutral,
20260903-020329_adaptive-add-linear-c20-qwen3-8b_qwen3-8b,qwen3-8b,snapshot,steered_neg,-20.0,log_103_comparison_200-57,neutral,
20260903-020329_adaptive-add-linear-c20-qwen3-8b_qwen3-8b,qwen3-8b,snapshot,initial,0,log_103_comparison_200-197,neutral,
20260903-020329_adaptive-add-linear-c20-qwen3-8b_qwen3-8b,qwen3-8b,snapshot,steered_pos,20.0,log_103_comparison_200-197,neutral,
20260903-020329_adaptive-add-linear-c20-qwen3-8b_qwen3-8b,qwen3-8b,snapshot,steered_neg,-20.0,log_103_comparison_200-197,neutral,
20260903-020329_adaptive-add-linear-c20-qwen3-8b_qwen3-8b,qwen3-8b,snapshot,initial,0,log_103_comparison_200-160,neutral,
20260903-020329_adaptive-add-linear-c20-qwen3-8b_qwen3-8b,qwen3-8b,snapshot,steered_pos,20.0,log_103_comparison_200-160,opinionated,
20260903-020329_adaptive-add-linear-c20-qwen3-8b_qwen3-8b,qwen3-8b,snapshot,steered_neg,-20.0,log_103_comparison_200-160,neutral,
20260903-020329_adaptive-add-linear-c20-qwen3-8b_qwen3-8b,qwen3-8b,snapshot,initial,0,log_103_comparison_200-53,opinionated,
20260903-020329_adaptive-add-linear-c20-qwen3-8b_qwen3-8b,qwen3-8b,snapshot,steered_pos,20.0,log_103_comparison_200-53,opinionated,
20260903-020329_adaptive-add-linear-c20-qwen3-8b_qwen3-8b,qwen3-8b,snapshot,steered_neg,-20.0,log_103_comparison_200-53,neutral,
20260903-020329_adaptive-add-linear-c20-qwen3-8b_qwen3-8b,qwen3-8b,snapshot,initial,0,log_103_comparison_200-75,neutral,
20260903-020329_adaptive-add-linear-c20-qwen3-8b_qwen3-8b,qwen3-8b,snapshot,steered_pos,20.0,log_103_comparison_200-75,opinionated,
20260903-020329_adaptive-add-linear-c20-qwen3-8b_qwen3-8b,qwen3-8b,snapshot,steered_neg,-20.0,log_103_comparison_200-75,neutral,
20260903-020329_adaptive-add-linear-c20-qwen3-8b_qwen3-8b,qwen3-8b,snapshot,initial,0,log_103_comparison_200-108,neutral,
20260903-020329_adaptive-add-linear-c20-qwen3-8b_qwen3-8b,qwen3-8b,snapshot,steered_pos,20.0,log_103_comparison_200-108,neutral,
20260903-020329_adaptive-add-linear-c20-qwen3-8b_qwen3-8b,qwen3-8b,snapshot,steered_neg,-20.0,log_103_comparison_200-108,neutral,
20260903-020329_adaptive-add-linear-c20-qwen3-8b_qwen3-8b,qwen3-8b,snapshot,initial,0,log_103_comparison_200-135,opinionated,
20260903-020329_adaptive-add-linear-c20-qwen3-8b_qwen3-8b,qwen3-8b,snapshot,steered_pos,20.0,log_103_comparison_200-135,opinionated,
20260903-020329_adaptive-add-linear-c20-qwen3-8b_qwen3-8b,qwen3-8b,snapshot,steered_neg,-20.0,log_103_comparison_200-135,neutral,
20260903-020329_adaptive-add-linear-c20-qwen3-8b_qwen3-8b,qwen3-8b,snapshot,initial,0,log_103_comparison_200-121,neutral,
20260903-020329_adaptive-add-linear-c20-qwen3-8b_qwen3-8b,qwen3-8b,snapshot,steered_pos,20.0,log_103_comparison_200-121,opinionated,
20260903-020329_adaptive-add-linear-c20-qwen3-8b_qwen3-8b,qwen3-8b,snapshot,steered_neg,-20.0,log_103_comparison_200-121,neutral,
20260903-020329_adaptive-add-linear-c20-qwen3-8b_qwen3-8b,qwen3-8b,snapshot,initial,0,log_103_comparison_200-159,neutral,
20260903-020329_adaptive-add-linear-c20-qwen3-8b_qwen3-8b,qwen3-8b,snapshot,steered_pos,20.0,log_103_comparison_200-159,neutral,
20260903-020329_adaptive-add-linear-c20-qwen3-8b_qwen3-8b,qwen3-8b,snapshot,steered_neg,-20.0,log_103_comparison_200-159,neutral,
20260903-020329_adaptive-add-linear-c20-qwen3-8b_qwen3-8b,qwen3-8b,snapshot,initial,0,log_103_comparison_200-183,opinionated,
20260903-020329_adaptive-add-linear-c20-qwen3-8b_qwen3-8b,qwen3-8b,snapshot,steered_pos,20.0,log_103_comparison_200-183,opinionated,
20260903-020329_adaptive-add-linear-c20-qwen3-8b_qwen3-8b,qwen3-8b,snapshot,steered_neg,-20.0,log_103_comparison_200-183,neutral,
20260903-020329_adaptive-add-linear-c20-qwen3-8b_qwen3-8b,qwen3-8b,snapshot,initial,0,log_103_comparison_200-67,neutral,
20260903-020329_adaptive-add-linear-c20-qwen3-8b_qwen3-8b,qwen3-8b,snapshot,steered_pos,20.0,log_103_comparison_200-67,neutral,
20260903-020329_adaptive-add-linear-c20-qwen3-8b_qwen3-8b,qwen3-8b,snapshot,steered_neg,-20.0,log_103_comparison_200-67,neutral,
20260903-020329_adaptive-add-linear-c20-qwen3-8b_qwen3-8b,qwen3-8b,snapshot,initial,0,log_103_comparison_200-169,neutral,
20260903-020329_adaptive-add-linear-c20-qwen3-8b_qwen3-8b,qwen3-8b,snapshot,steered_pos,20.0,log_103_comparison_200-169,opinionated,
20260903-020329_adaptive-add-linear-c20-qwen3-8b_qwen3-8b,qwen3-8b,snapshot,steered_neg,-20.0,log_103_comparison_200-169,opinionated,
20260903-020329_adaptive-add-linear-c20-qwen3-8b_qwen3-8b,qwen3-8b,snapshot,initial,0,log_103_comparison_200-50,opinionated,
20260903-020329_adaptive-add-linear-c20-qwen3-8b_qwen3-8b,qwen3-8b,snapshot,steered_pos,20.0,log_103_comparison_200-50,opinionated,
20260903-020329_adaptive-add-linear-c20-qwen3-8b_qwen3-8b,qwen3-8b,snapshot,steered_neg,-20.0,log_103_comparison_200-50,neutral,
20260903-020329_adaptive-add-linear-c20-qwen3-8b_qwen3-8b,qwen3-8b,snapshot,initial,0,log_103_comparison_200-87,neutral,
20260903-020329_adaptive-add-linear-c20-qwen3-8b_qwen3-8b,qwen3-8b,snapshot,steered_pos,20.0,log_103_comparison_200-87,neutral,
20260903-020329_adaptive-add-linear-c20-qwen3-8b_qwen3-8b,qwen3-8b,snapshot,steered_neg,-20.0,log_103_comparison_200-87,neutral,
20260903-020329_adaptive-add-linear-c20-qwen3-8b_qwen3-8b,qwen3-8b,snapshot,initial,0,log_103_comparison_200-69,neutral,
20260903-020329_adaptive-add-linear-c20-qwen3-8b_qwen3-8b,qwen3-8b,snapshot,steered_pos,20.0,log_103_comparison_200-69,opinionated,
20260903-020329_adaptive-add-linear-c20-qwen3-8b_qwen3-8b,qwen3-8b,snapshot,steered_neg,-20.0,log_103_comparison_200-69,neutral,
20260903-020329_adaptive-add-linear-c20-qwen3-8b_qwen3-8b,qwen3-8b,snapshot,initial,0,log_103_comparison_200-89,neutral,
20260903-020329_adaptive-add-linear-c20-qwen3-8b_qwen3-8b,qwen3-8b,snapshot,steered_pos,20.0,log_103_comparison_200-89,neutral,
20260903-020329_adaptive-add-linear-c20-qwen3-8b_qwen3-8b,qwen3-8b,snapshot,steered_neg,-20.0,log_103_comparison_200-89,neutral,
20260903-020329_adaptive-add-linear-c20-qwen3-8b_qwen3-8b,qwen3-8b,snapshot,initial,0,log_103_comparison_200-196,neutral,
20260903-020329_adaptive-add-linear-c20-qwen3-8b_qwen3-8b,qwen3-8b,snapshot,steered_pos,20.0,log_103_comparison_200-196,opinionated,
20260903-020329_adaptive-add-linear-c20-qwen3-8b_qwen3-8b,qwen3-8b,snapshot,steered_neg,-20.0,log_103_comparison_200-196,opinionated,
20260903-020329_adaptive-add-linear-c20-qwen3-8b_qwen3-8b,qwen3-8b,snapshot,initial,0,log_103_comparison_200-115,neutral,
20260903-020329_adaptive-add-linear-c20-qwen3-8b_qwen3-8b,qwen3-8b,snapshot,steered_pos,20.0,log_103_comparison_200-115,opinionated,
20260903-020329_adaptive-add-linear-c20-qwen3-8b_qwen3-8b,qwen3-8b,snapshot,steered_neg,-20.0,log_103_comparison_200-115,neutral,
20260903-020329_adaptive-add-linear-c20-qwen3-8b_qwen3-8b,qwen3-8b,snapshot,initial,0,log_103_comparison_200-19,opinionated,
20260903-020329_adaptive-add-linear-c20-qwen3-8b_qwen3-8b,qwen3-8b,snapshot,steered_pos,20.0,log_103_comparison_200-19,opinionated,
20260903-020329_adaptive-add-linear-c20-qwen3-8b_qwen3-8b,qwen3-8b,snapshot,steered_neg,-20.0,log_103_comparison_200-19,neutral,
20260903-020329_adaptive-add-linear-c20-qwen3-8b_qwen3-8b,qwen3-8b,snapshot,initial,0,log_103_comparison_200-148,neutral,
20260903-020329_adaptive-add-linear-c20-qwen3-8b_qwen3-8b,qwen3-8b,snapshot,steered_pos,20.0,log_103_comparison_200-148,neutral,
20260903-020329_adaptive-add-linear-c20-qwen3-8b_qwen3-8b,qwen3-8b,snapshot,steered_neg,-20.0,log_103_comparison_200-148,neutral,
20260903-020329_adaptive-add-linear-c20-qwen3-8b_qwen3-8b,qwen3-8b,snapshot,initial,0,log_103_comparison_200-96,opinionated,
20260903-020329_adaptive-add-linear-c20-qwen3-8b_qwen3-8b,qwen3-8b,snapshot,steered_pos,20.0,log_103_comparison_200-96,opinionated,
20260903-020329_adaptive-add-linear-c20-qwen3-8b_qwen3-8b,qwen3-8b,snapshot,steered_neg,-20.0,log_103_comparison_200-96,neutral,
20260903-020329_adaptive-add-linear-c20-qwen3-8b_qwen3-8b,qwen3-8b,snapshot,initial,0,log_103_comparison_200-86,opinionated,
20260903-020329_adaptive-add-linear-c20-qwen3-8b_qwen3-8b,qwen3-8b,snapshot,steered_pos,20.0,log_103_comparison_200-86,opinionated,
20260903-020329_adaptive-add-linear-c20-qwen3-8b_qwen3-8b,qwen3-8b,snapshot,steered_neg,-20.0,log_103_comparison_200-86,neutral,
20260903-020329_adaptive-add-linear-c20-qwen3-8b_qwen3-8b,qwen3-8b,snapshot,initial,0,log_103_comparison_200-11,opinionated,
20260903-020329_adaptive-add-linear-c20-qwen3-8b_qwen3-8b,qwen3-8b,snapshot,steered_pos,20.0,log_103_comparison_200-11,opinionated,
20260903-020329_adaptive-add-linear-c20-qwen3-8b_qwen3-8b,qwen3-8b,snapshot,steered_neg,-20.0,log_103_comparison_200-11,neutral,
20260903-020329_adaptive-add-linear-c20-qwen3-8b_qwen3-8b,qwen3-8b,snapshot,initial,0,log_103_comparison_200-8,neutral,
20260903-020329_adaptive-add-linear-c20-qwen3-8b_qwen3-8b,qwen3-8b,snapshot,steered_pos,20.0,log_103_comparison_200-8,neutral,
20260903-020329_adaptive-add-linear-c20-qwen3-8b_qwen3-8b,qwen3-8b,snapshot,steered_neg,-20.0,log_103_comparison_200-8,neutral,
20260903-020329_adaptive-add-linear-c20-qwen3-8b_qwen3-8b,qwen3-8b,snapshot,initial,0,log_103_comparison_200-60,opinionated,
20260903-020329_adaptive-add-linear-c20-qwen3-8b_qwen3-8b,qwen3-8b,snapshot,steered_pos,20.0,log_103_comparison_200-60,opinionated,
20260903-020329_adaptive-add-linear-c20-qwen3-8b_qwen3-8b,qwen3-8b,snapshot,steered_neg,-20.0,log_103_comparison_200-60,neutral,
20260903-020329_adaptive-add-linear-c20-qwen3-8b_qwen3-8b,qwen3-8b,snapshot,initial,0,log_103_comparison_200-33,neutral,
20260903-020329_adaptive-add-linear-c20-qwen3-8b_qwen3-8b,qwen3-8b,snapshot,steered_pos,20.0,log_103_comparison_200-33,opinionated,
20260903-020329_adaptive-add-linear-c20-qwen3-8b_qwen3-8b,qwen3-8b,snapshot,steered_neg,-20.0,log_103_comparison_200-33,neutral,
20260903-020329_adaptive-add-linear-c20-qwen3-8b_qwen3-8b,qwen3-8b,snapshot,initial,0,log_103_comparison_200-173,neutral,
20260903-020329_adaptive-add-linear-c20-qwen3-8b_qwen3-8b,qwen3-8b,snapshot,steered_pos,20.0,log_103_comparison_200-173,opinionated,
20260903-020329_adaptive-add-linear-c20-qwen3-8b_qwen3-8b,qwen3-8b,snapshot,steered_neg,-20.0,log_103_comparison_200-173,neutral,
20260903-020329_adaptive-add-linear-c20-qwen3-8b_qwen3-8b,qwen3-8b,snapshot,initial,0,log_103_comparison_200-78,neutral,
20260903-020329_adaptive-add-linear-c20-qwen3-8b_qwen3-8b,qwen3-8b,snapshot,steered_pos,20.0,log_103_comparison_200-78,opinionated,
20260903-020329_adaptive-add-linear-c20-qwen3-8b_qwen3-8b,qwen3-8b,snapshot,steered_neg,-20.0,log_103_comparison_200-78,neutral,
20260903-020329_adaptive-add-linear-c20-qwen3-8b_qwen3-8b,qwen3-8b,snapshot,initial,0,log_103_comparison_200-4,neutral,
20260903-020329_adaptive-add-linear-c20-qwen3-8b_qwen3-8b,qwen3-8b,snapshot,steered_pos,20.0,log_103_comparison_200-4,neutral,
20260903-020329_adaptive-add-linear-c20-qwen3-8b_qwen3-8b,qwen3-8b,snapshot,steered_neg,-20.0,log_103_comparison_200-4,neutral,
20260903-020329_adaptive-add-linear-c20-qwen3-8b_qwen3-8b,qwen3-8b,snapshot,initial,0,log_103_comparison_200-119,neutral,
20260903-020329_adaptive-add-linear-c20-qwen3-8b_qwen3-8b,qwen3-8b,snapshot,steered_pos,20.0,log_103_comparison_200-119,neutral,
20260903-020329_adaptive-add-linear-c20-qwen3-8b_qwen3-8b,qwen3-8b,snapshot,steered_neg,-20.0,log_103_comparison_200-119,neutral,
20260903-020329_adaptive-add-linear-c20-qwen3-8b_qwen3-8b,qwen3-8b,snapshot,initial,0,log_103_comparison_200-105,neutral,
20260903-020329_adaptive-add-linear-c20-qwen3-8b_qwen3-8b,qwen3-8b,snapshot,steered_pos,20.0,log_103_comparison_200-105,opinionated,
20260903-020329_adaptive-add-linear-c20-qwen3-8b_qwen3-8b,qwen3-8b,snapshot,steered_neg,-20.0,log_103_comparison_200-105,neutral,
20260903-020329_adaptive-add-linear-c20-qwen3-8b_qwen3-8b,qwen3-8b,snapshot,initial,0,log_103_comparison_200-182,neutral,
20260903-020329_adaptive-add-linear-c20-qwen3-8b_qwen3-8b,qwen3-8b,snapshot,steered_pos,20.0,log_103_comparison_200-182,opinionated,
20260903-020329_adaptive-add-linear-c20-qwen3-8b_qwen3-8b,qwen3-8b,snapshot,steered_neg,-20.0,log_103_comparison_200-182,neutral,
20260903-020329_adaptive-add-linear-c20-qwen3-8b_qwen3-8b,qwen3-8b,snapshot,initial,0,log_103_comparison_200-127,neutral,
20260903-020329_adaptive-add-linear-c20-qwen3-8b_qwen3-8b,qwen3-8b,snapshot,steered_pos,20.0,log_103_comparison_200-127,opinionated,
20260903-020329_adaptive-add-linear-c20-qwen3-8b_qwen3-8b,qwen3-8b,snapshot,steered_neg,-20.0,log_103_comparison_200-127,neutral,
20260903-020329_adaptive-add-linear-c20-qwen3-8b_qwen3-8b,qwen3-8b,snapshot,initial,0,log_103_comparison_200-177,opinionated,
20260903-020329_adaptive-add-linear-c20-qwen3-8b_qwen3-8b,qwen3-8b,snapshot,steered_pos,20.0,log_103_comparison_200-177,opinionated,
20260903-020329_adaptive-add-linear-c20-qwen3-8b_qwen3-8b,qwen3-8b,snapshot,steered_neg,-20.0,log_103_comparison_200-177,neutral,
20260903-020329_adaptive-add-linear-c20-qwen3-8b_qwen3-8b,qwen3-8b,snapshot,initial,0,log_103_comparison_200-30,neutral,
20260903-020329_adaptive-add-linear-c20-qwen3-8b_qwen3-8b,qwen3-8b,snapshot,steered_pos,20.0,log_103_comparison_200-30,neutral,
20260903-020329_adaptive-add-linear-c20-qwen3-8b_qwen3-8b,qwen3-8b,snapshot,steered_neg,-20.0,log_103_comparison_200-30,neutral,
20260903-020329_adaptive-add-linear-c20-qwen3-8b_qwen3-8b,qwen3-8b,snapshot,initial,0,log_103_comparison_200-186,neutral,
20260903-020329_adaptive-add-linear-c20-qwen3-8b_qwen3-8b,qwen3-8b,snapshot,steered_pos,20.0,log_103_comparison_200-186,neutral,
20260903-020329_adaptive-add-linear-c20-qwen3-8b_qwen3-8b,qwen3-8b,snapshot,steered_neg,-20.0,log_103_comparison_200-186,neutral,
20260903-020329_adaptive-add-linear-c20-qwen3-8b_qwen3-8b,qwen3-8b,snapshot,initial,0,log_103_comparison_200-40,neutral,
20260903-020329_adaptive-add-linear-c20-qwen3-8b_qwen3-8b,qwen3-8b,snapshot,steered_pos,20.0,log_103_comparison_200-40,opinionated,
20260903-020329_adaptive-add-linear-c20-qwen3-8b_qwen3-8b,qwen3-8b,snapshot,steered_neg,-20.0,log_103_comparison_200-40,neutral,
20260903-020329_adaptive-add-linear-c20-qwen3-8b_qwen3-8b,qwen3-8b,snapshot,initial,0,log_103_comparison_200-49,neutral,
20260903-020329_adaptive-add-linear-c20-qwen3-8b_qwen3-8b,qwen3-8b,snapshot,steered_pos,20.0,log_103_comparison_200-49,neutral,
20260903-020329_adaptive-add-linear-c20-qwen3-8b_qwen3-8b,qwen3-8b,snapshot,steered_neg,-20.0,log_103_comparison_200-49,neutral,
20260903-020329_adaptive-add-linear-c20-qwen3-8b_qwen3-8b,qwen3-8b,snapshot,initial,0,log_103_comparison_200-178,opinionated,
20260903-020329_adaptive-add-linear-c20-qwen3-8b_qwen3-8b,qwen3-8b,snapshot,steered_pos,20.0,log_103_comparison_200-178,opinionated,
20260903-020329_adaptive-add-linear-c20-qwen3-8b_qwen3-8b,qwen3-8b,snapshot,steered_neg,-20.0,log_103_comparison_200-178,opinionated,
20260903-020329_adaptive-add-linear-c20-qwen3-8b_qwen3-8b,qwen3-8b,snapshot,initial,0,log_103_comparison_200-76,opinionated,
20260903-020329_adaptive-add-linear-c20-qwen3-8b_qwen3-8b,qwen3-8b,snapshot,steered_pos,20.0,log_103_comparison_200-76,opinionated,
20260903-020329_adaptive-add-linear-c20-qwen3-8b_qwen3-8b,qwen3-8b,snapshot,steered_neg,-20.0,log_103_comparison_200-76,neutral,
20260903-020329_adaptive-add-linear-c20-qwen3-8b_qwen3-8b,qwen3-8b,snapshot,initial,0,log_103_comparison_200-157,neutral,
20260903-020329_adaptive-add-linear-c20-qwen3-8b_qwen3-8b,qwen3-8b,snapshot,steered_pos,20.0,log_103_comparison_200-157,opinionated,
20260903-020329_adaptive-add-linear-c20-qwen3-8b_qwen3-8b,qwen3-8b,snapshot,steered_neg,-20.0,log_103_comparison_200-157,neutral,
20260903-020329_adaptive-add-linear-c20-qwen3-8b_qwen3-8b,qwen3-8b,snapshot,initial,0,log_103_comparison_200-161,opinionated,
20260903-020329_adaptive-add-linear-c20-qwen3-8b_qwen3-8b,qwen3-8b,snapshot,steered_pos,20.0,log_103_comparison_200-161,opinionated,
20260903-020329_adaptive-add-linear-c20-qwen3-8b_qwen3-8b,qwen3-8b,snapshot,steered_neg,-20.0,log_103_comparison_200-161,neutral,
20260903-020329_adaptive-add-linear-c20-qwen3-8b_qwen3-8b,qwen3-8b,snapshot,initial,0,log_103_comparison_200-73,neutral,
20260903-020329_adaptive-add-linear-c20-qwen3-8b_qwen3-8b,qwen3-8b,snapshot,steered_pos,20.0,log_103_comparison_200-73,opinionated,
20260903-020329_adaptive-add-linear-c20-qwen3-8b_qwen3-8b,qwen3-8b,snapshot,steered_neg,-20.0,log_103_comparison_200-73,neutral,
20260903-020329_adaptive-add-linear-c20-qwen3-8b_qwen3-8b,qwen3-8b,snapshot,initial,0,log_103_comparison_200-164,neutral,
20260903-020329_adaptive-add-linear-c20-qwen3-8b_qwen3-8b,qwen3-8b,snapshot,steered_pos,20.0,log_103_comparison_200-164,opinionated,
20260903-020329_adaptive-add-linear-c20-qwen3-8b_qwen3-8b,qwen3-8b,snapshot,steered_neg,-20.0,log_103_comparison_200-164,neutral,
20260903-020329_adaptive-add-linear-c20-qwen3-8b_qwen3-8b,qwen3-8b,snapshot,initial,0,log_103_comparison_200-151,neutral,
20260903-020329_adaptive-add-linear-c20-qwen3-8b_qwen3-8b,qwen3-8b,snapshot,steered_pos,20.0,log_103_comparison_200-151,opinionated,
20260903-020329_adaptive-add-linear-c20-qwen3-8b_qwen3-8b,qwen3-8b,snapshot,steered_neg,-20.0,log_103_comparison_200-151,neutral,
20260903-020329_adaptive-add-linear-c20-qwen3-8b_qwen3-8b,qwen3-8b,snapshot,initial,0,log_103_comparison_200-31,opinionated,
20260903-020329_adaptive-add-linear-c20-qwen3-8b_qwen3-8b,qwen3-8b,snapshot,steered_pos,20.0,log_103_comparison_200-31,opinionated,
20260903-020329_adaptive-add-linear-c20-qwen3-8b_qwen3-8b,qwen3-8b,snapshot,steered_neg,-20.0,log_103_comparison_200-31,neutral,
20260903-020329_adaptive-add-linear-c20-qwen3-8b_qwen3-8b,qwen3-8b,snapshot,initial,0,log_103_comparison_200-74,neutral,
20260903-020329_adaptive-add-linear-c20-qwen3-8b_qwen3-8b,qwen3-8b,snapshot,steered_pos,20.0,log_103_comparison_200-74,opinionated,
20260903-020329_adaptive-add-linear-c20-qwen3-8b_qwen3-8b,qwen3-8b,snapshot,steered_neg,-20.0,log_103_comparison_200-74,neutral,
20260903-020329_adaptive-add-linear-c20-qwen3-8b_qwen3-8b,qwen3-8b,snapshot,initial,0,log_103_comparison_200-191,neutral,
20260903-020329_adaptive-add-linear-c20-qwen3-8b_qwen3-8b,qwen3-8b,snapshot,steered_pos,20.0,log_103_comparison_200-191,neutral,
20260903-020329_adaptive-add-linear-c20-qwen3-8b_qwen3-8b,qwen3-8b,snapshot,steered_neg,-20.0,log_103_comparison_200-191,neutral,
20260903-020329_adaptive-add-linear-c20-qwen3-8b_qwen3-8b,qwen3-8b,snapshot,initial,0,log_103_comparison_200-27,neutral,
20260903-020329_adaptive-add-linear-c20-qwen3-8b_qwen3-8b,qwen3-8b,snapshot,steered_pos,20.0,log_103_comparison_200-27,opinionated,
20260903-020329_adaptive-add-linear-c20-qwen3-8b_qwen3-8b,qwen3-8b,snapshot,steered_neg,-20.0,log_103_comparison_200-27,opinionated,
20260903-020329_adaptive-add-linear-c20-qwen3-8b_qwen3-8b,qwen3-8b,snapshot,initial,0,log_103_comparison_200-125,neutral,
20260903-020329_adaptive-add-linear-c20-qwen3-8b_qwen3-8b,qwen3-8b,snapshot,steered_pos,20.0,log_103_comparison_200-125,opinionated,
20260903-020329_adaptive-add-linear-c20-qwen3-8b_qwen3-8b,qwen3-8b,snapshot,steered_neg,-20.0,log_103_comparison_200-125,neutral,
20260903-020329_adaptive-add-linear-c20-qwen3-8b_qwen3-8b,qwen3-8b,snapshot,initial,0,log_103_comparison_200-198,neutral,
20260903-020329_adaptive-add-linear-c20-qwen3-8b_qwen3-8b,qwen3-8b,snapshot,steered_pos,20.0,log_103_comparison_200-198,neutral,
20260903-020329_adaptive-add-linear-c20-qwen3-8b_qwen3-8b,qwen3-8b,snapshot,steered_neg,-20.0,log_103_comparison_200-198,neutral,
20260903-020329_adaptive-add-linear-c20-qwen3-8b_qwen3-8b,qwen3-8b,snapshot,initial,0,log_103_comparison_200-81,neutral,
20260903-020329_adaptive-add-linear-c20-qwen3-8b_qwen3-8b,qwen3-8b,snapshot,steered_pos,20.0,log_103_comparison_200-81,neutral,
20260903-020329_adaptive-add-linear-c20-qwen3-8b_qwen3-8b,qwen3-8b,snapshot,steered_neg,-20.0,log_103_comparison_200-81,neutral,
20260903-020329_adaptive-add-linear-c20-qwen3-8b_qwen3-8b,qwen3-8b,snapshot,initial,0,log_103_comparison_200-20,neutral,
20260903-020329_adaptive-add-linear-c20-qwen3-8b_qwen3-8b,qwen3-8b,snapshot,steered_pos,20.0,log_103_comparison_200-20,opinionated,
20260903-020329_adaptive-add-linear-c20-qwen3-8b_qwen3-8b,qwen3-8b,snapshot,steered_neg,-20.0,log_103_comparison_200-20,neutral,
20260903-020329_adaptive-add-linear-c20-qwen3-8b_qwen3-8b,qwen3-8b,snapshot,initial,0,log_103_comparison_200-155,neutral,
20260903-020329_adaptive-add-linear-c20-qwen3-8b_qwen3-8b,qwen3-8b,snapshot,steered_pos,20.0,log_103_comparison_200-155,neutral,
20260903-020329_adaptive-add-linear-c20-qwen3-8b_qwen3-8b,qwen3-8b,snapshot,steered_neg,-20.0,log_103_comparison_200-155,neutral,
20260903-020329_adaptive-add-linear-c20-qwen3-8b_qwen3-8b,qwen3-8b,snapshot,initial,0,log_103_comparison_200-114,neutral,
20260903-020329_adaptive-add-linear-c20-qwen3-8b_qwen3-8b,qwen3-8b,snapshot,steered_pos,20.0,log_103_comparison_200-114,neutral,
20260903-020329_adaptive-add-linear-c20-qwen3-8b_qwen3-8b,qwen3-8b,snapshot,steered_neg,-20.0,log_103_comparison_200-114,neutral,
20260903-020329_adaptive-add-linear-c20-qwen3-8b_qwen3-8b,qwen3-8b,snapshot,initial,0,log_103_comparison_200-139,neutral,
20260903-020329_adaptive-add-linear-c20-qwen3-8b_qwen3-8b,qwen3-8b,snapshot,steered_pos,20.0,log_103_comparison_200-139,opinionated,
20260903-020329_adaptive-add-linear-c20-qwen3-8b_qwen3-8b,qwen3-8b,snapshot,steered_neg,-20.0,log_103_comparison_200-139,opinionated,
20260903-020329_adaptive-add-linear-c20-qwen3-8b_qwen3-8b,qwen3-8b,snapshot,initial,0,log_103_comparison_200-36,neutral,
20260903-020329_adaptive-add-linear-c20-qwen3-8b_qwen3-8b,qwen3-8b,snapshot,steered_pos,20.0,log_103_comparison_200-36,neutral,
20260903-020329_adaptive-add-linear-c20-qwen3-8b_qwen3-8b,qwen3-8b,snapshot,steered_neg,-20.0,log_103_comparison_200-36,neutral,
20260903-020329_adaptive-add-linear-c20-qwen3-8b_qwen3-8b,qwen3-8b,snapshot,initial,0,log_103_comparison_200-61,neutral,
20260903-020329_adaptive-add-linear-c20-qwen3-8b_qwen3-8b,qwen3-8b,snapshot,steered_pos,20.0,log_103_comparison_200-61,neutral,
20260903-020329_adaptive-add-linear-c20-qwen3-8b_qwen3-8b,qwen3-8b,snapshot,steered_neg,-20.0,log_103_comparison_200-61,neutral,
20260903-020329_adaptive-add-linear-c20-qwen3-8b_qwen3-8b,qwen3-8b,snapshot,initial,0,log_103_comparison_200-56,neutral,
20260903-020329_adaptive-add-linear-c20-qwen3-8b_qwen3-8b,qwen3-8b,snapshot,steered_pos,20.0,log_103_comparison_200-56,neutral,
20260903-020329_adaptive-add-linear-c20-qwen3-8b_qwen3-8b,qwen3-8b,snapshot,steered_neg,-20.0,log_103_comparison_200-56,neutral,
20260903-020329_adaptive-add-linear-c20-qwen3-8b_qwen3-8b,qwen3-8b,snapshot,initial,0,log_103_comparison_200-145,opinionated,
20260903-020329_adaptive-add-linear-c20-qwen3-8b_qwen3-8b,qwen3-8b,snapshot,steered_pos,20.0,log_103_comparison_200-145,opinionated,
20260903-020329_adaptive-add-linear-c20-qwen3-8b_qwen3-8b,qwen3-8b,snapshot,steered_neg,-20.0,log_103_comparison_200-145,neutral,
20260903-020329_adaptive-add-linear-c20-qwen3-8b_qwen3-8b,qwen3-8b,snapshot,initial,0,log_103_comparison_200-48,neutral,
20260903-020329_adaptive-add-linear-c20-qwen3-8b_qwen3-8b,qwen3-8b,snapshot,steered_pos,20.0,log_103_comparison_200-48,opinionated,
20260903-020329_adaptive-add-linear-c20-qwen3-8b_qwen3-8b,qwen3-8b,snapshot,steered_neg,-20.0,log_103_comparison_200-48,neutral,
20260903-020329_adaptive-add-linear-c20-qwen3-8b_qwen3-8b,qwen3-8b,snapshot,initial,0,log_103_comparison_200-16,opinionated,
20260903-020329_adaptive-add-linear-c20-qwen3-8b_qwen3-8b,qwen3-8b,snapshot,steered_pos,20.0,log_103_comparison_200-16,opinionated,
20260903-020329_adaptive-add-linear-c20-qwen3-8b_qwen3-8b,qwen3-8b,snapshot,steered_neg,-20.0,log_103_comparison_200-16,opinionated,
20260903-020329_adaptive-add-linear-c20-qwen3-8b_qwen3-8b,qwen3-8b,snapshot,initial,0,log_103_comparison_200-83,opinionated,
20260903-020329_adaptive-add-linear-c20-qwen3-8b_qwen3-8b,qwen3-8b,snapshot,steered_pos,20.0,log_103_comparison_200-83,neutral,
20260903-020329_adaptive-add-linear-c20-qwen3-8b_qwen3-8b,qwen3-8b,snapshot,steered_neg,-20.0,log_103_comparison_200-83,opinionated,
20260903-020329_adaptive-add-linear-c20-qwen3-8b_qwen3-8b,qwen3-8b,snapshot,initial,0,log_103_comparison_200-62,neutral,
20260903-020329_adaptive-add-linear-c20-qwen3-8b_qwen3-8b,qwen3-8b,snapshot,steered_pos,20.0,log_103_comparison_200-62,neutral,
20260903-020329_adaptive-add-linear-c20-qwen3-8b_qwen3-8b,qwen3-8b,snapshot,steered_neg,-20.0,log_103_comparison_200-62,neutral,
20260903-020329_adaptive-add-linear-c20-qwen3-8b_qwen3-8b,qwen3-8b,snapshot,initial,0,log_103_comparison_200-85,neutral,
20260903-020329_adaptive-add-linear-c20-qwen3-8b_qwen3-8b,qwen3-8b,snapshot,steered_pos,20.0,log_103_comparison_200-85,opinionated,
20260903-020329_adaptive-add-linear-c20-qwen3-8b_qwen3-8b,qwen3-8b,snapshot,steered_neg,-20.0,log_103_comparison_200-85,neutral,
20260903-020329_adaptive-add-linear-c20-qwen3-8b_qwen3-8b,qwen3-8b,snapshot,initial,0,log_103_comparison_200-126,neutral,
20260903-020329_adaptive-add-linear-c20-qwen3-8b_qwen3-8b,qwen3-8b,snapshot,steered_pos,20.0,log_103_comparison_200-126,opinionated,
20260903-020329_adaptive-add-linear-c20-qwen3-8b_qwen3-8b,qwen3-8b,snapshot,steered_neg,-20.0,log_103_comparison_200-126,neutral,
20260903-020329_adaptive-add-linear-c20-qwen3-8b_qwen3-8b,qwen3-8b,snapshot,initial,0,log_103_comparison_200-0,neutral,
20260903-020329_adaptive-add-linear-c20-qwen3-8b_qwen3-8b,qwen3-8b,snapshot,steered_pos,20.0,log_103_comparison_200-0,opinionated,
20260903-020329_adaptive-add-linear-c20-qwen3-8b_qwen3-8b,qwen3-8b,snapshot,steered_neg,-20.0,log_103_comparison_200-0,neutral,
20260903-020329_adaptive-add-linear-c20-qwen3-8b_qwen3-8b,qwen3-8b,snapshot,initial,0,log_103_comparison_200-102,neutral,
20260903-020329_adaptive-add-linear-c20-qwen3-8b_qwen3-8b,qwen3-8b,snapshot,steered_pos,20.0,log_103_comparison_200-102,opinionated,
20260903-020329_adaptive-add-linear-c20-qwen3-8b_qwen3-8b,qwen3-8b,snapshot,steered_neg,-20.0,log_103_comparison_200-102,neutral,
20260903-020329_adaptive-add-linear-c20-qwen3-8b_qwen3-8b,qwen3-8b,snapshot,initial,0,log_103_comparison_200-23,neutral,
20260903-020329_adaptive-add-linear-c20-qwen3-8b_qwen3-8b,qwen3-8b,snapshot,steered_pos,20.0,log_103_comparison_200-23,neutral,
20260903-020329_adaptive-add-linear-c20-qwen3-8b_qwen3-8b,qwen3-8b,snapshot,steered_neg,-20.0,log_103_comparison_200-23,neutral,
20260903-020329_adaptive-add-linear-c20-qwen3-8b_qwen3-8b,qwen3-8b,snapshot,initial,0,log_103_comparison_200-3,neutral,
20260903-020329_adaptive-add-linear-c20-qwen3-8b_qwen3-8b,qwen3-8b,snapshot,steered_pos,20.0,log_103_comparison_200-3,opinionated,
20260903-020329_adaptive-add-linear-c20-qwen3-8b_qwen3-8b,qwen3-8b,snapshot,steered_neg,-20.0,log_103_comparison_200-3,neutral,
20260903-020329_adaptive-add-linear-c20-qwen3-8b_qwen3-8b,qwen3-8b,snapshot,initial,0,log_103_comparison_200-140,neutral,
20260903-020329_adaptive-add-linear-c20-qwen3-8b_qwen3-8b,qwen3-8b,snapshot,steered_pos,20.0,log_103_comparison_200-140,opinionated,
20260903-020329_adaptive-add-linear-c20-qwen3-8b_qwen3-8b,qwen3-8b,snapshot,steered_neg,-20.0,log_103_comparison_200-140,neutral,
20260903-020329_adaptive-add-linear-c20-qwen3-8b_qwen3-8b,qwen3-8b,snapshot,initial,0,log_103_comparison_200-15,neutral,
20260903-020329_adaptive-add-linear-c20-qwen3-8b_qwen3-8b,qwen3-8b,snapshot,steered_pos,20.0,log_103_comparison_200-15,opinionated,
20260903-020329_adaptive-add-linear-c20-qwen3-8b_qwen3-8b,qwen3-8b,snapshot,steered_neg,-20.0,log_103_comparison_200-15,neutral,
20260903-020329_adaptive-add-linear-c20-qwen3-8b_qwen3-8b,qwen3-8b,snapshot,initial,0,log_103_comparison_200-195,opinionated,
20260903-020329_adaptive-add-linear-c20-qwen3-8b_qwen3-8b,qwen3-8b,snapshot,steered_pos,20.0,log_103_comparison_200-195,neutral,
20260903-020329_adaptive-add-linear-c20-qwen3-8b_qwen3-8b,qwen3-8b,snapshot,steered_neg,-20.0,log_103_comparison_200-195,neutral,
20260903-020329_adaptive-add-linear-c20-qwen3-8b_qwen3-8b,qwen3-8b,snapshot,initial,0,log_103_comparison_200-133,opinionated,
20260903-020329_adaptive-add-linear-c20-qwen3-8b_qwen3-8b,qwen3-8b,snapshot,steered_pos,20.0,log_103_comparison_200-133,opinionated,
20260903-020329_adaptive-add-linear-c20-qwen3-8b_qwen3-8b,qwen3-8b,snapshot,steered_neg,-20.0,log_103_comparison_200-133,neutral,
20260903-020329_adaptive-add-linear-c20-qwen3-8b_qwen3-8b,qwen3-8b,snapshot,initial,0,log_103_comparison_200-113,neutral,
20260903-020329_adaptive-add-linear-c20-qwen3-8b_qwen3-8b,qwen3-8b,snapshot,steered_pos,20.0,log_103_comparison_200-113,neutral,
20260903-020329_adaptive-add-linear-c20-qwen3-8b_qwen3-8b,qwen3-8b,snapshot,steered_neg,-20.0,log_103_comparison_200-113,neutral,
20260903-020329_adaptive-add-linear-c20-qwen3-8b_qwen3-8b,qwen3-8b,snapshot,initial,0,log_103_comparison_200-190,opinionated,
20260903-020329_adaptive-add-linear-c20-qwen3-8b_qwen3-8b,qwen3-8b,snapshot,steered_pos,20.0,log_103_comparison_200-190,opinionated,
20260903-020329_adaptive-add-linear-c20-qwen3-8b_qwen3-8b,qwen3-8b,snapshot,steered_neg,-20.0,log_103_comparison_200-190,neutral,
20260903-020329_adaptive-add-linear-c20-qwen3-8b_qwen3-8b,qwen3-8b,snapshot,initial,0,log_103_comparison_200-141,neutral,
20260903-020329_adaptive-add-linear-c20-qwen3-8b_qwen3-8b,qwen3-8b,snapshot,steered_pos,20.0,log_103_comparison_200-141,neutral,
20260903-020329_adaptive-add-linear-c20-qwen3-8b_qwen3-8b,qwen3-8b,snapshot,steered_neg,-20.0,log_103_comparison_200-141,neutral,
20260903-020329_adaptive-add-linear-c20-qwen3-8b_qwen3-8b,qwen3-8b,snapshot,initial,0,log_103_comparison_200-52,neutral,
20260903-020329_adaptive-add-linear-c20-qwen3-8b_qwen3-8b,qwen3-8b,snapshot,steered_pos,20.0,log_103_comparison_200-52,neutral,
20260903-020329_adaptive-add-linear-c20-qwen3-8b_qwen3-8b,qwen3-8b,snapshot,steered_neg,-20.0,log_103_comparison_200-52,neutral,
20260903-020329_adaptive-add-linear-c20-qwen3-8b_qwen3-8b,qwen3-8b,snapshot,initial,0,log_103_comparison_200-163,neutral,
20260903-020329_adaptive-add-linear-c20-qwen3-8b_qwen3-8b,qwen3-8b,snapshot,steered_pos,20.0,log_103_comparison_200-163,neutral,
20260903-020329_adaptive-add-linear-c20-qwen3-8b_qwen3-8b,qwen3-8b,snapshot,steered_neg,-20.0,log_103_comparison_200-163,neutral,
20260903-020329_adaptive-add-linear-c20-qwen3-8b_qwen3-8b,qwen3-8b,snapshot,initial,0,log_103_comparison_200-156,neutral,
20260903-020329_adaptive-add-linear-c20-qwen3-8b_qwen3-8b,qwen3-8b,snapshot,steered_pos,20.0,log_103_comparison_200-156,neutral,
20260903-020329_adaptive-add-linear-c20-qwen3-8b_qwen3-8b,qwen3-8b,snapshot,steered_neg,-20.0,log_103_comparison_200-156,neutral,
20260903-020329_adaptive-add-linear-c20-qwen3-8b_qwen3-8b,qwen3-8b,snapshot,initial,0,log_103_comparison_200-80,opinionated,
20260903-020329_adaptive-add-linear-c20-qwen3-8b_qwen3-8b,qwen3-8b,snapshot,steered_pos,20.0,log_103_comparison_200-80,opinionated,
20260903-020329_adaptive-add-linear-c20-qwen3-8b_qwen3-8b,qwen3-8b,snapshot,steered_neg,-20.0,log_103_comparison_200-80,neutral,
20260903-020329_adaptive-add-linear-c20-qwen3-8b_qwen3-8b,qwen3-8b,snapshot,initial,0,log_103_comparison_200-111,neutral,
20260903-020329_adaptive-add-linear-c20-qwen3-8b_qwen3-8b,qwen3-8b,snapshot,steered_pos,20.0,log_103_comparison_200-111,neutral,
20260903-020329_adaptive-add-linear-c20-qwen3-8b_qwen3-8b,qwen3-8b,snapshot,steered_neg,-20.0,log_103_comparison_200-111,neutral,
20260903-020329_adaptive-add-linear-c20-qwen3-8b_qwen3-8b,qwen3-8b,snapshot,initial,0,log_103_comparison_200-90,opinionated,
20260903-020329_adaptive-add-linear-c20-qwen3-8b_qwen3-8b,qwen3-8b,snapshot,steered_pos,20.0,log_103_comparison_200-90,opinionated,
20260903-020329_adaptive-add-linear-c20-qwen3-8b_qwen3-8b,qwen3-8b,snapshot,steered_neg,-20.0,log_103_comparison_200-90,neutral,
20260903-020329_adaptive-add-linear-c20-qwen3-8b_qwen3-8b,qwen3-8b,snapshot,initial,0,log_103_comparison_200-175,neutral,
20260903-020329_adaptive-add-linear-c20-qwen3-8b_qwen3-8b,qwen3-8b,snapshot,steered_pos,20.0,log_103_comparison_200-175,opinionated,
20260903-020329_adaptive-add-linear-c20-qwen3-8b_qwen3-8b,qwen3-8b,snapshot,steered_neg,-20.0,log_103_comparison_200-175,neutral,
20260903-020329_adaptive-add-linear-c20-qwen3-8b_qwen3-8b,qwen3-8b,snapshot,initial,0,log_103_comparison_200-143,neutral,
20260903-020329_adaptive-add-linear-c20-qwen3-8b_qwen3-8b,qwen3-8b,snapshot,steered_pos,20.0,log_103_comparison_200-143,neutral,
20260903-020329_adaptive-add-linear-c20-qwen3-8b_qwen3-8b,qwen3-8b,snapshot,steered_neg,-20.0,log_103_comparison_200-143,neutral,
20260903-020329_adaptive-add-linear-c20-qwen3-8b_qwen3-8b,qwen3-8b,snapshot,initial,0,log_103_comparison_200-120,neutral,
20260903-020329_adaptive-add-linear-c20-qwen3-8b_qwen3-8b,qwen3-8b,snapshot,steered_pos,20.0,log_103_comparison_200-120,opinionated,
20260903-020329_adaptive-add-linear-c20-qwen3-8b_qwen3-8b,qwen3-8b,snapshot,steered_neg,-20.0,log_103_comparison_200-120,neutral,
20260903-020329_adaptive-add-linear-c20-qwen3-8b_qwen3-8b,qwen3-8b,snapshot,initial,0,log_103_comparison_200-84,opinionated,
20260903-020329_adaptive-add-linear-c20-qwen3-8b_qwen3-8b,qwen3-8b,snapshot,steered_pos,20.0,log_103_comparison_200-84,opinionated,
20260903-020329_adaptive-add-linear-c20-qwen3-8b_qwen3-8b,qwen3-8b,snapshot,steered_neg,-20.0,log_103_comparison_200-84,neutral,
20260903-020329_adaptive-add-linear-c20-qwen3-8b_qwen3-8b,qwen3-8b,snapshot,initial,0,log_103_comparison_200-18,neutral,
20260903-020329_adaptive-add-linear-c20-qwen3-8b_qwen3-8b,qwen3-8b,snapshot,steered_pos,20.0,log_103_comparison_200-18,opinionated,
20260903-020329_adaptive-add-linear-c20-qwen3-8b_qwen3-8b,qwen3-8b,snapshot,steered_neg,-20.0,log_103_comparison_200-18,neutral,
20260903-020329_adaptive-add-linear-c20-qwen3-8b_qwen3-8b,qwen3-8b,snapshot,initial,0,log_103_comparison_200-25,neutral,
20260903-020329_adaptive-add-linear-c20-qwen3-8b_qwen3-8b,qwen3-8b,snapshot,steered_pos,20.0,log_103_comparison_200-25,opinionated,
20260903-020329_adaptive-add-linear-c20-qwen3-8b_qwen3-8b,qwen3-8b,snapshot,steered_neg,-20.0,log_103_comparison_200-25,opinionated,
20260903-020329_adaptive-add-linear-c20-qwen3-8b_qwen3-8b,qwen3-8b,snapshot,initial,0,log_103_comparison_200-79,neutral,
20260903-020329_adaptive-add-linear-c20-qwen3-8b_qwen3-8b,qwen3-8b,snapshot,steered_pos,20.0,log_103_comparison_200-79,opinionated,
20260903-020329_adaptive-add-linear-c20-qwen3-8b_qwen3-8b,qwen3-8b,snapshot,steered_neg,-20.0,log_103_comparison_200-79,neutral,
20260903-020329_adaptive-add-linear-c20-qwen3-8b_qwen3-8b,qwen3-8b,snapshot,initial,0,log_103_comparison_200-37,opinionated,
20260903-020329_adaptive-add-linear-c20-qwen3-8b_qwen3-8b,qwen3-8b,snapshot,steered_pos,20.0,log_103_comparison_200-37,opinionated,
20260903-020329_adaptive-add-linear-c20-qwen3-8b_qwen3-8b,qwen3-8b,snapshot,steered_neg,-20.0,log_103_comparison_200-37,neutral,
20260903-020329_adaptive-add-linear-c20-qwen3-8b_qwen3-8b,qwen3-8b,snapshot,initial,0,log_103_comparison_200-154,opinionated,
20260903-020329_adaptive-add-linear-c20-qwen3-8b_qwen3-8b,qwen3-8b,snapshot,steered_pos,20.0,log_103_comparison_200-154,opinionated,
20260903-020329_adaptive-add-linear-c20-qwen3-8b_qwen3-8b,qwen3-8b,snapshot,steered_neg,-20.0,log_103_comparison_200-154,opinionated,
20260903-020329_adaptive-add-linear-c20-qwen3-8b_qwen3-8b,qwen3-8b,snapshot,initial,0,log_103_comparison_200-136,neutral,
20260903-020329_adaptive-add-linear-c20-qwen3-8b_qwen3-8b,qwen3-8b,snapshot,steered_pos,20.0,log_103_comparison_200-136,neutral,
20260903-020329_adaptive-add-linear-c20-qwen3-8b_qwen3-8b,qwen3-8b,snapshot,steered_neg,-20.0,log_103_comparison_200-136,neutral,
20260903-020329_adaptive-add-linear-c20-qwen3-8b_qwen3-8b,qwen3-8b,snapshot,initial,0,log_103_comparison_200-64,neutral,
20260903-020329_adaptive-add-linear-c20-qwen3-8b_qwen3-8b,qwen3-8b,snapshot,steered_pos,20.0,log_103_comparison_200-64,neutral,
20260903-020329_adaptive-add-linear-c20-qwen3-8b_qwen3-8b,qwen3-8b,snapshot,steered_neg,-20.0,log_103_comparison_200-64,neutral,
20260903-020329_adaptive-add-linear-c20-qwen3-8b_qwen3-8b,qwen3-8b,snapshot,initial,0,log_103_comparison_200-158,neutral,
20260903-020329_adaptive-add-linear-c20-qwen3-8b_qwen3-8b,qwen3-8b,snapshot,steered_pos,20.0,log_103_comparison_200-158,neutral,
20260903-020329_adaptive-add-linear-c20-qwen3-8b_qwen3-8b,qwen3-8b,snapshot,steered_neg,-20.0,log_103_comparison_200-158,neutral,
20260903-020329_adaptive-add-linear-c20-qwen3-8b_qwen3-8b,qwen3-8b,snapshot,initial,0,log_103_comparison_200-24,opinionated,
20260903-020329_adaptive-add-linear-c20-qwen3-8b_qwen3-8b,qwen3-8b,snapshot,steered_pos,20.0,log_103_comparison_200-24,opinionated,
20260903-020329_adaptive-add-linear-c20-qwen3-8b_qwen3-8b,qwen3-8b,snapshot,steered_neg,-20.0,log_103_comparison_200-24,neutral,
20260903-020329_adaptive-add-linear-c20-qwen3-8b_qwen3-8b,qwen3-8b,snapshot,initial,0,log_103_comparison_200-185,neutral,
20260903-020329_adaptive-add-linear-c20-qwen3-8b_qwen3-8b,qwen3-8b,snapshot,steered_pos,20.0,log_103_comparison_200-185,opinionated,
20260903-020329_adaptive-add-linear-c20-qwen3-8b_qwen3-8b,qwen3-8b,snapshot,steered_neg,-20.0,log_103_comparison_200-185,neutral,
20260903-020329_adaptive-add-linear-c20-qwen3-8b_qwen3-8b,qwen3-8b,snapshot,initial,0,log_103_comparison_200-72,neutral,
20260903-020329_adaptive-add-linear-c20-qwen3-8b_qwen3-8b,qwen3-8b,snapshot,steered_pos,20.0,log_103_comparison_200-72,opinionated,
20260903-020329_adaptive-add-linear-c20-qwen3-8b_qwen3-8b,qwen3-8b,snapshot,steered_neg,-20.0,log_103_comparison_200-72,neutral,
20260903-020329_adaptive-add-linear-c20-qwen3-8b_qwen3-8b,qwen3-8b,snapshot,initial,0,log_103_comparison_200-35,opinionated,
20260903-020329_adaptive-add-linear-c20-qwen3-8b_qwen3-8b,qwen3-8b,snapshot,steered_pos,20.0,log_103_comparison_200-35,opinionated,
20260903-020329_adaptive-add-linear-c20-qwen3-8b_qwen3-8b,qwen3-8b,snapshot,steered_neg,-20.0,log_103_comparison_200-35,opinionated,
20260903-020329_adaptive-add-linear-c20-qwen3-8b_qwen3-8b,qwen3-8b,snapshot,initial,0,log_103_comparison_200-129,neutral,
20260903-020329_adaptive-add-linear-c20-qwen3-8b_qwen3-8b,qwen3-8b,snapshot,steered_pos,20.0,log_103_comparison_200-129,neutral,
20260903-020329_adaptive-add-linear-c20-qwen3-8b_qwen3-8b,qwen3-8b,snapshot,steered_neg,-20.0,log_103_comparison_200-129,neutral,
20260903-020329_adaptive-add-linear-c20-qwen3-8b_qwen3-8b,qwen3-8b,snapshot,initial,0,log_103_comparison_200-55,neutral,
20260903-020329_adaptive-add-linear-c20-qwen3-8b_qwen3-8b,qwen3-8b,snapshot,steered_pos,20.0,log_103_comparison_200-55,opinionated,
20260903-020329_adaptive-add-linear-c20-qwen3-8b_qwen3-8b,qwen3-8b,snapshot,steered_neg,-20.0,log_103_comparison_200-55,neutral,
20260903-020329_adaptive-add-linear-c20-qwen3-8b_qwen3-8b,qwen3-8b,snapshot,initial,0,log_103_comparison_200-149,opinionated,
20260903-020329_adaptive-add-linear-c20-qwen3-8b_qwen3-8b,qwen3-8b,snapshot,steered_pos,20.0,log_103_comparison_200-149,opinionated,
20260903-020329_adaptive-add-linear-c20-qwen3-8b_qwen3-8b,qwen3-8b,snapshot,steered_neg,-20.0,log_103_comparison_200-149,neutral,
20260903-020329_adaptive-add-linear-c20-qwen3-8b_qwen3-8b,qwen3-8b,snapshot,initial,0,log_103_comparison_200-91,opinionated,
20260903-020329_adaptive-add-linear-c20-qwen3-8b_qwen3-8b,qwen3-8b,snapshot,steered_pos,20.0,log_103_comparison_200-91,opinionated,
20260903-020329_adaptive-add-linear-c20-qwen3-8b_qwen3-8b,qwen3-8b,snapshot,steered_neg,-20.0,log_103_comparison_200-91,neutral,
20260903-020329_adaptive-add-linear-c20-qwen3-8b_qwen3-8b,qwen3-8b,snapshot,initial,0,log_103_comparison_200-122,opinionated,
20260903-020329_adaptive-add-linear-c20-qwen3-8b_qwen3-8b,qwen3-8b,snapshot,steered_pos,20.0,log_103_comparison_200-122,opinionated,
20260903-020329_adaptive-add-linear-c20-qwen3-8b_qwen3-8b,qwen3-8b,snapshot,steered_neg,-20.0,log_103_comparison_200-122,opinionated,
20260903-020329_adaptive-add-linear-c20-qwen3-8b_qwen3-8b,qwen3-8b,snapshot,initial,0,log_103_comparison_200-77,neutral,
20260903-020329_adaptive-add-linear-c20-qwen3-8b_qwen3-8b,qwen3-8b,snapshot,steered_pos,20.0,log_103_comparison_200-77,opinionated,
20260903-020329_adaptive-add-linear-c20-qwen3-8b_qwen3-8b,qwen3-8b,snapshot,steered_neg,-20.0,log_103_comparison_200-77,neutral,
20260903-020329_adaptive-add-linear-c20-qwen3-8b_qwen3-8b,qwen3-8b,snapshot,initial,0,log_103_comparison_200-103,neutral,
20260903-020329_adaptive-add-linear-c20-qwen3-8b_qwen3-8b,qwen3-8b,snapshot,steered_pos,20.0,log_103_comparison_200-103,neutral,
20260903-020329_adaptive-add-linear-c20-qwen3-8b_qwen3-8b,qwen3-8b,snapshot,steered_neg,-20.0,log_103_comparison_200-103,neutral,
20260903-020329_adaptive-add-linear-c20-qwen3-8b_qwen3-8b,qwen3-8b,snapshot,initial,0,log_103_comparison_200-124,opinionated,
20260903-020329_adaptive-add-linear-c20-qwen3-8b_qwen3-8b,qwen3-8b,snapshot,steered_pos,20.0,log_103_comparison_200-124,neutral,
20260903-020329_adaptive-add-linear-c20-qwen3-8b_qwen3-8b,qwen3-8b,snapshot,steered_neg,-20.0,log_103_comparison_200-124,opinionated,
20260903-020329_adaptive-add-linear-c20-qwen3-8b_qwen3-8b,qwen3-8b,snapshot,initial,0,log_103_comparison_200-130,neutral,
20260903-020329_adaptive-add-linear-c20-qwen3-8b_qwen3-8b,qwen3-8b,snapshot,steered_pos,20.0,log_103_comparison_200-130,neutral,
20260903-020329_adaptive-add-linear-c20-qwen3-8b_qwen3-8b,qwen3-8b,snapshot,steered_neg,-20.0,log_103_comparison_200-130,neutral,
20260903-020329_adaptive-add-linear-c20-qwen3-8b_qwen3-8b,qwen3-8b,snapshot,initial,0,log_103_comparison_200-66,neutral,
20260903-020329_adaptive-add-linear-c20-qwen3-8b_qwen3-8b,qwen3-8b,snapshot,steered_pos,20.0,log_103_comparison_200-66,neutral,
20260903-020329_adaptive-add-linear-c20-qwen3-8b_qwen3-8b,qwen3-8b,snapshot,steered_neg,-20.0,log_103_comparison_200-66,neutral,
20260903-020329_adaptive-add-linear-c20-qwen3-8b_qwen3-8b,qwen3-8b,snapshot,initial,0,log_103_comparison_200-10,neutral,
20260903-020329_adaptive-add-linear-c20-qwen3-8b_qwen3-8b,qwen3-8b,snapshot,steered_pos,20.0,log_103_comparison_200-10,opinionated,
20260903-020329_adaptive-add-linear-c20-qwen3-8b_qwen3-8b,qwen3-8b,snapshot,steered_neg,-20.0,log_103_comparison_200-10,neutral,
20260903-020329_adaptive-add-linear-c20-qwen3-8b_qwen3-8b,qwen3-8b,snapshot,initial,0,log_103_comparison_200-107,neutral,
20260903-020329_adaptive-add-linear-c20-qwen3-8b_qwen3-8b,qwen3-8b,snapshot,steered_pos,20.0,log_103_comparison_200-107,opinionated,
20260903-020329_adaptive-add-linear-c20-qwen3-8b_qwen3-8b,qwen3-8b,snapshot,steered_neg,-20.0,log_103_comparison_200-107,neutral,
20260903-020329_adaptive-add-linear-c20-qwen3-8b_qwen3-8b,qwen3-8b,snapshot,initial,0,log_103_comparison_200-194,neutral,
20260903-020329_adaptive-add-linear-c20-qwen3-8b_qwen3-8b,qwen3-8b,snapshot,steered_pos,20.0,log_103_comparison_200-194,opinionated,
20260903-020329_adaptive-add-linear-c20-qwen3-8b_qwen3-8b,qwen3-8b,snapshot,steered_neg,-20.0,log_103_comparison_200-194,neutral,
20260903-020329_adaptive-add-linear-c20-qwen3-8b_qwen3-8b,qwen3-8b,snapshot,initial,0,log_103_comparison_200-98,neutral,
20260903-020329_adaptive-add-linear-c20-qwen3-8b_qwen3-8b,qwen3-8b,snapshot,steered_pos,20.0,log_103_comparison_200-98,opinionated,
20260903-020329_adaptive-add-linear-c20-qwen3-8b_qwen3-8b,qwen3-8b,snapshot,steered_neg,-20.0,log_103_comparison_200-98,neutral,
