run,example_id,condition,n_words,n_ref_tokens,distinct_3,max_repeat_run,top_trigram_share,unclosed_think,ppl,hit_token_cap,logged_degenerate_flag,think_fail,distinct_fail,repeat_fail,ppl_fail,coherent
20260903-024528_adaptive-add-linear-c40-qwen3-8b_qwen3-8b,log_103_comparison_200-131,initial,104,104,0.9902,1,0.0196,1,nan,0,0,1,0,0,0,0
20260903-024528_adaptive-add-linear-c40-qwen3-8b_qwen3-8b,log_103_comparison_200-131,steered_pos,75,75,0.5068,1,0.0548,0,nan,0,0,0,0,0,0,1
20260903-024528_adaptive-add-linear-c40-qwen3-8b_qwen3-8b,log_103_comparison_200-131,steered_neg,111,111,0.6697,1,0.0183,0,nan,0,0,0,0,0,0,1
20260903-024528_adaptive-add-linear-c40-qwen3-8b_qwen3-8b,log_103_comparison_200-181,initial,102,102,0.99,1,0.02,1,nan,0,0,1,0,0,0,0
20260903-024528_adaptive-add-linear-c40-qwen3-8b_qwen3-8b,log_103_comparison_200-181,steered_pos,96,96,0.4681,1,0.1064,0,nan,0,0,0,1,0,0,0
20260903-024528_adaptive-add-linear-c40-qwen3-8b_qwen3-8b,log_103_comparison_200-181,steered_neg,107,107,0.9905,1,0.019,0,nan,0,0,0,0,0,0,1
20260903-024528_adaptive-add-linear-c40-qwen3-8b_qwen3-8b,log_103_comparison_200-22,initial,103,103,1.0,1,0.0099,1,nan,0,0,1,0,0,0,0
20260903-024528_adaptive-add-linear-c40-qwen3-8b_qwen3-8b,log_103_comparison_200-22,steered_pos,86,86,0.1429,1,0.1071,0,nan,0,0,0,1,0,0,0
20260903-024528_adaptive-add-linear-c40-qwen3-8b_qwen3-8b,log_103_comparison_200-22,steered_neg,85,85,1.0,1,0.012,0,nan,0,0,0,0,0,0,1
20260903-024528_adaptive-add-linear-c40-qwen3-8b_qwen3-8b,log_103_comparison_200-172,initial,106,106,1.0,1,0.0096,1,nan,0,0,1,0,0,0,0
20260903-024528_adaptive-add-linear-c40-qwen3-8b_qwen3-8b,log_103_comparison_200-172,steered_pos,38,38,1.0,1,0.0278,0,nan,0,0,0,0,0,0,1
20260903-024528_adaptive-add-linear-c40-qwen3-8b_qwen3-8b,log_103_comparison_200-172,steered_neg,114,114,0.9911,1,0.0179,0,nan,0,0,0,0,0,0,1
20260903-024528_adaptive-add-linear-c40-qwen3-8b_qwen3-8b,log_103_comparison_200-144,initial,107,107,1.0,1,0.0095,1,nan,0,0,1,0,0,0,0
20260903-024528_adaptive-add-linear-c40-qwen3-8b_qwen3-8b,log_103_comparison_200-144,steered_pos,82,82,0.5,1,0.0625,0,nan,0,0,0,0,0,0,1
20260903-024528_adaptive-add-linear-c40-qwen3-8b_qwen3-8b,log_103_comparison_200-144,steered_neg,108,108,0.9717,1,0.0189,0,nan,0,0,0,0,0,0,1
20260903-024528_adaptive-add-linear-c40-qwen3-8b_qwen3-8b,log_103_comparison_200-92,initial,98,98,0.9792,1,0.0208,1,nan,0,0,1,0,0,0,0
20260903-024528_adaptive-add-linear-c40-qwen3-8b_qwen3-8b,log_103_comparison_200-92,steered_pos,91,91,0.8876,1,0.0337,0,nan,0,0,0,0,0,0,1
20260903-024528_adaptive-add-linear-c40-qwen3-8b_qwen3-8b,log_103_comparison_200-92,steered_neg,105,105,0.8932,1,0.0291,0,nan,0,0,0,0,0,0,1
20260903-024528_adaptive-add-linear-c40-qwen3-8b_qwen3-8b,log_103_comparison_200-97,initial,102,102,1.0,1,0.01,1,nan,0,0,1,0,0,0,0
20260903-024528_adaptive-add-linear-c40-qwen3-8b_qwen3-8b,log_103_comparison_200-97,steered_pos,52,52,0.96,1,0.04,0,nan,0,0,0,0,0,0,1
20260903-024528_adaptive-add-linear-c40-qwen3-8b_qwen3-8b,log_103_comparison_200-97,steered_neg,85,85,1.0,1,0.012,0,nan,0,0,0,0,0,0,1
20260903-024528_adaptive-add-linear-c40-qwen3-8b_qwen3-8b,log_103_comparison_200-187,initial,101,101,1.0,1,0.0101,1,nan,0,0,1,0,0,0,0
20260903-024528_adaptive-add-linear-c40-qwen3-8b_qwen3-8b,log_103_comparison_200-187,steered_pos,27,27,1.0,1,0.04,0,nan,0,0,0,0,0,0,1
20260903-024528_adaptive-add-linear-c40-qwen3-8b_qwen3-8b,log_103_comparison_200-187,steered_neg,103,103,0.4455,1,0.0297,0,nan,0,0,0,1,0,0,0
20260903-024528_adaptive-add-linear-c40-qwen3-8b_qwen3-8b,log_103_comparison_200-58,initial,100,100,1.0,1,0.0102,1,nan,0,0,1,0,0,0,0
20260903-024528_adaptive-add-linear-c40-qwen3-8b_qwen3-8b,log_103_comparison_200-58,steered_pos,96,96,0.5745,1,0.0638,0,nan,0,0,0,0,0,0,1
20260903-024528_adaptive-add-linear-c40-qwen3-8b_qwen3-8b,log_103_comparison_200-58,steered_neg,110,110,0.8426,1,0.037,0,nan,0,0,0,0,0,0,1
20260903-024528_adaptive-add-linear-c40-qwen3-8b_qwen3-8b,log_103_comparison_200-93,initial,108,108,1.0,1,0.0094,1,nan,0,0,1,0,0,0,0
20260903-024528_adaptive-add-linear-c40-qwen3-8b_qwen3-8b,log_103_comparison_200-93,steered_pos,73,73,0.4085,1,0.0563,0,nan,0,0,0,1,0,0,0
20260903-024528_adaptive-add-linear-c40-qwen3-8b_qwen3-8b,log_103_comparison_200-93,steered_neg,111,111,0.9908,1,0.0183,0,nan,0,0,0,0,0,0,1
20260903-024528_adaptive-add-linear-c40-qwen3-8b_qwen3-8b,log_103_comparison_200-6,initial,102,102,1.0,1,0.01,1,nan,0,0,1,0,0,0,0
20260903-024528_adaptive-add-linear-c40-qwen3-8b_qwen3-8b,log_103_comparison_200-6,steered_pos,61,61,0.5254,1,0.0339,0,nan,0,0,0,0,0,0,1
20260903-024528_adaptive-add-linear-c40-qwen3-8b_qwen3-8b,log_103_comparison_200-6,steered_neg,104,104,1.0,1,0.0098,0,nan,0,0,0,0,0,0,1
20260903-024528_adaptive-add-linear-c40-qwen3-8b_qwen3-8b,log_103_comparison_200-70,initial,105,105,1.0,1,0.0097,1,nan,0,0,1,0,0,0,0
20260903-024528_adaptive-add-linear-c40-qwen3-8b_qwen3-8b,log_103_comparison_200-70,steered_pos,88,88,0.4884,1,0.0465,1,nan,0,0,1,1,0,0,0
20260903-024528_adaptive-add-linear-c40-qwen3-8b_qwen3-8b,log_103_comparison_200-70,steered_neg,108,108,1.0,1,0.0094,0,nan,0,0,0,0,0,0,1
20260903-024528_adaptive-add-linear-c40-qwen3-8b_qwen3-8b,log_103_comparison_200-106,initial,105,105,0.9806,1,0.0194,1,nan,0,0,1,0,0,0,0
20260903-024528_adaptive-add-linear-c40-qwen3-8b_qwen3-8b,log_103_comparison_200-106,steered_pos,86,86,0.8214,1,0.0238,0,nan,0,0,0,0,0,0,1
20260903-024528_adaptive-add-linear-c40-qwen3-8b_qwen3-8b,log_103_comparison_200-106,steered_neg,99,99,0.5567,1,0.0206,0,nan,0,0,0,0,0,0,1
20260903-024528_adaptive-add-linear-c40-qwen3-8b_qwen3-8b,log_103_comparison_200-68,initial,102,102,1.0,1,0.01,1,nan,0,0,1,0,0,0,0
20260903-024528_adaptive-add-linear-c40-qwen3-8b_qwen3-8b,log_103_comparison_200-68,steered_pos,93,93,0.3626,1,0.0659,1,nan,0,0,1,1,0,0,0
20260903-024528_adaptive-add-linear-c40-qwen3-8b_qwen3-8b,log_103_comparison_200-68,steered_neg,110,110,0.9907,1,0.0185,0,nan,0,0,0,0,0,0,1
20260903-024528_adaptive-add-linear-c40-qwen3-8b_qwen3-8b,log_103_comparison_200-153,initial,108,108,0.9906,1,0.0189,1,nan,0,0,1,0,0,0,0
20260903-024528_adaptive-add-linear-c40-qwen3-8b_qwen3-8b,log_103_comparison_200-153,steered_pos,102,102,0.5,1,0.03,1,nan,0,0,1,0,0,0,0
20260903-024528_adaptive-add-linear-c40-qwen3-8b_qwen3-8b,log_103_comparison_200-153,steered_neg,107,107,0.7238,1,0.019,0,nan,0,0,0,0,0,0,1
20260903-024528_adaptive-add-linear-c40-qwen3-8b_qwen3-8b,log_103_comparison_200-168,initial,105,105,1.0,1,0.0097,1,nan,0,0,1,0,0,0,0
20260903-024528_adaptive-add-linear-c40-qwen3-8b_qwen3-8b,log_103_comparison_200-168,steered_pos,66,66,0.3281,1,0.0938,1,nan,0,0,1,1,0,0,0
20260903-024528_adaptive-add-linear-c40-qwen3-8b_qwen3-8b,log_103_comparison_200-168,steered_neg,105,105,0.9612,1,0.0194,0,nan,0,0,0,0,0,0,1
20260903-024528_adaptive-add-linear-c40-qwen3-8b_qwen3-8b,log_103_comparison_200-179,initial,110,110,0.9815,1,0.0185,1,nan,0,0,1,0,0,0,0
20260903-024528_adaptive-add-linear-c40-qwen3-8b_qwen3-8b,log_103_comparison_200-179,steered_pos,91,91,0.236,1,0.1011,0,nan,0,0,0,1,0,0,0
20260903-024528_adaptive-add-linear-c40-qwen3-8b_qwen3-8b,log_103_comparison_200-179,steered_neg,103,103,0.6238,1,0.3762,0,nan,0,0,0,0,0,0,1
20260903-024528_adaptive-add-linear-c40-qwen3-8b_qwen3-8b,log_103_comparison_200-199,initial,104,104,1.0,1,0.0098,1,nan,0,0,1,0,0,0,0
20260903-024528_adaptive-add-linear-c40-qwen3-8b_qwen3-8b,log_103_comparison_200-199,steered_pos,14,14,1.0,1,0.0833,0,nan,0,0,0,0,0,0,1
20260903-024528_adaptive-add-linear-c40-qwen3-8b_qwen3-8b,log_103_comparison_200-199,steered_neg,116,116,0.9474,1,0.0263,0,nan,0,0,0,0,0,0,1
20260903-024528_adaptive-add-linear-c40-qwen3-8b_qwen3-8b,log_103_comparison_200-29,initial,104,104,0.9902,1,0.0196,1,nan,0,0,1,0,0,0,0
20260903-024528_adaptive-add-linear-c40-qwen3-8b_qwen3-8b,log_103_comparison_200-29,steered_pos,54,54,0.8846,1,0.0385,0,nan,0,0,0,0,0,0,1
20260903-024528_adaptive-add-linear-c40-qwen3-8b_qwen3-8b,log_103_comparison_200-29,steered_neg,103,103,0.9901,1,0.0198,0,nan,0,0,0,0,0,0,1
20260903-024528_adaptive-add-linear-c40-qwen3-8b_qwen3-8b,log_103_comparison_200-46,initial,109,109,1.0,1,0.0093,1,nan,0,0,1,0,0,0,0
20260903-024528_adaptive-add-linear-c40-qwen3-8b_qwen3-8b,log_103_comparison_200-46,steered_pos,59,59,0.7368,1,0.0351,0,nan,0,0,0,0,0,0,1
20260903-024528_adaptive-add-linear-c40-qwen3-8b_qwen3-8b,log_103_comparison_200-46,steered_neg,111,111,0.9633,1,0.0183,0,nan,0,0,0,0,0,0,1
20260903-024528_adaptive-add-linear-c40-qwen3-8b_qwen3-8b,log_103_comparison_200-9,initial,108,108,1.0,1,0.0094,1,nan,0,0,1,0,0,0,0
20260903-024528_adaptive-add-linear-c40-qwen3-8b_qwen3-8b,log_103_comparison_200-9,steered_pos,98,98,0.4792,1,0.0938,1,nan,0,0,1,1,0,0,0
20260903-024528_adaptive-add-linear-c40-qwen3-8b_qwen3-8b,log_103_comparison_200-9,steered_neg,103,103,0.8911,1,0.0198,0,nan,0,0,0,0,0,0,1
20260903-024528_adaptive-add-linear-c40-qwen3-8b_qwen3-8b,log_103_comparison_200-142,initial,108,108,0.9811,1,0.0189,1,nan,0,0,1,0,0,0,0
20260903-024528_adaptive-add-linear-c40-qwen3-8b_qwen3-8b,log_103_comparison_200-142,steered_pos,109,109,0.1308,1,0.1495,0,nan,0,0,0,1,0,0,0
20260903-024528_adaptive-add-linear-c40-qwen3-8b_qwen3-8b,log_103_comparison_200-142,steered_neg,105,105,0.9417,1,0.0388,0,nan,0,0,0,0,0,0,1
20260903-024528_adaptive-add-linear-c40-qwen3-8b_qwen3-8b,log_103_comparison_200-134,initial,101,101,1.0,1,0.0101,1,nan,0,0,1,0,0,0,0
20260903-024528_adaptive-add-linear-c40-qwen3-8b_qwen3-8b,log_103_comparison_200-134,steered_pos,40,40,0.9737,1,0.0526,0,nan,0,0,0,0,0,0,1
20260903-024528_adaptive-add-linear-c40-qwen3-8b_qwen3-8b,log_103_comparison_200-134,steered_neg,112,112,0.9364,1,0.0182,0,nan,0,0,0,0,0,0,1
20260903-024528_adaptive-add-linear-c40-qwen3-8b_qwen3-8b,log_103_comparison_200-88,initial,105,105,1.0,1,0.0097,1,nan,0,0,1,0,0,0,0
20260903-024528_adaptive-add-linear-c40-qwen3-8b_qwen3-8b,log_103_comparison_200-88,steered_pos,97,97,0.9474,1,0.0316,1,nan,0,0,1,0,0,0,0
20260903-024528_adaptive-add-linear-c40-qwen3-8b_qwen3-8b,log_103_comparison_200-88,steered_neg,102,102,0.99,1,0.02,0,nan,0,0,0,0,0,0,1
20260903-024528_adaptive-add-linear-c40-qwen3-8b_qwen3-8b,log_103_comparison_200-193,initial,111,111,0.9541,1,0.0183,1,nan,0,0,1,0,0,0,0
20260903-024528_adaptive-add-linear-c40-qwen3-8b_qwen3-8b,log_103_comparison_200-193,steered_pos,65,65,0.6984,1,0.0476,0,nan,0,0,0,0,0,0,1
20260903-024528_adaptive-add-linear-c40-qwen3-8b_qwen3-8b,log_103_comparison_200-193,steered_neg,111,111,0.9908,1,0.0183,0,nan,0,0,0,0,0,0,1
20260903-024528_adaptive-add-linear-c40-qwen3-8b_qwen3-8b,log_103_comparison_200-110,initial,108,108,0.9811,1,0.0189,1,nan,0,0,1,0,0,0,0
20260903-024528_adaptive-add-linear-c40-qwen3-8b_qwen3-8b,log_103_comparison_200-110,steered_pos,85,85,0.6506,1,0.0361,0,nan,0,0,0,0,0,0,1
20260903-024528_adaptive-add-linear-c40-qwen3-8b_qwen3-8b,log_103_comparison_200-110,steered_neg,100,100,0.9592,1,0.0204,0,nan,0,0,0,0,0,0,1
20260903-024528_adaptive-add-linear-c40-qwen3-8b_qwen3-8b,log_103_comparison_200-26,initial,103,103,0.9802,1,0.0198,1,nan,0,0,1,0,0,0,0
20260903-024528_adaptive-add-linear-c40-qwen3-8b_qwen3-8b,log_103_comparison_200-26,steered_pos,93,93,0.7692,1,0.033,0,nan,0,0,0,0,0,0,1
20260903-024528_adaptive-add-linear-c40-qwen3-8b_qwen3-8b,log_103_comparison_200-26,steered_neg,114,114,0.7679,1,0.0268,0,nan,0,0,0,0,0,0,1
20260903-024528_adaptive-add-linear-c40-qwen3-8b_qwen3-8b,log_103_comparison_200-32,initial,108,108,0.9717,1,0.0189,1,nan,0,0,1,0,0,0,0
20260903-024528_adaptive-add-linear-c40-qwen3-8b_qwen3-8b,log_103_comparison_200-32,steered_pos,81,81,0.3544,1,0.0886,0,nan,0,0,0,1,0,0,0
20260903-024528_adaptive-add-linear-c40-qwen3-8b_qwen3-8b,log_103_comparison_200-32,steered_neg,94,94,0.837,1,0.0217,0,nan,0,0,0,0,0,0,1
20260903-024528_adaptive-add-linear-c40-qwen3-8b_qwen3-8b,log_103_comparison_200-117,initial,98,98,0.9583,1,0.0208,1,nan,0,0,1,0,0,0,0
20260903-024528_adaptive-add-linear-c40-qwen3-8b_qwen3-8b,log_103_comparison_200-117,steered_pos,27,27,1.0,1,0.04,0,nan,0,0,0,0,0,0,1
20260903-024528_adaptive-add-linear-c40-qwen3-8b_qwen3-8b,log_103_comparison_200-117,steered_neg,107,107,0.1333,1,0.1905,0,nan,0,0,0,1,0,0,0
20260903-024528_adaptive-add-linear-c40-qwen3-8b_qwen3-8b,log_103_comparison_200-112,initial,106,106,0.9712,1,0.0192,1,nan,0,0,1,0,0,0,0
20260903-024528_adaptive-add-linear-c40-qwen3-8b_qwen3-8b,log_103_comparison_200-112,steered_pos,109,109,0.1308,1,0.1495,0,nan,0,0,0,1,0,0,0
20260903-024528_adaptive-add-linear-c40-qwen3-8b_qwen3-8b,log_103_comparison_200-112,steered_neg,103,103,0.9505,1,0.0198,0,nan,0,0,0,0,0,0,1
20260903-024528_adaptive-add-linear-c40-qwen3-8b_qwen3-8b,log_103_comparison_200-17,initial,85,85,0.988,1,0.0241,1,nan,0,0,1,0,0,0,0
20260903-024528_adaptive-add-linear-c40-qwen3-8b_qwen3-8b,log_103_comparison_200-17,steered_pos,79,79,0.3506,1,0.0519,0,nan,0,0,0,1,0,0,0
20260903-024528_adaptive-add-linear-c40-qwen3-8b_qwen3-8b,log_103_comparison_200-17,steered_neg,109,109,0.5794,1,0.0187,0,nan,0,0,0,0,0,0,1
20260903-024528_adaptive-add-linear-c40-qwen3-8b_qwen3-8b,log_103_comparison_200-39,initial,105,105,1.0,1,0.0097,1,nan,0,0,1,0,0,0,0
20260903-024528_adaptive-add-linear-c40-qwen3-8b_qwen3-8b,log_103_comparison_200-39,steered_pos,61,61,0.4068,1,0.1017,0,nan,0,0,0,1,0,0,0
20260903-024528_adaptive-add-linear-c40-qwen3-8b_qwen3-8b,log_103_comparison_200-39,steered_neg,110,110,0.9907,1,0.0185,0,nan,0,0,0,0,0,0,1
20260903-024528_adaptive-add-linear-c40-qwen3-8b_qwen3-8b,log_103_comparison_200-166,initial,105,105,0.9903,1,0.0194,1,nan,0,0,1,0,0,0,0
20260903-024528_adaptive-add-linear-c40-qwen3-8b_qwen3-8b,log_103_comparison_200-166,steered_pos,77,77,0.9733,1,0.0267,0,nan,0,0,0,0,0,0,1
20260903-024528_adaptive-add-linear-c40-qwen3-8b_qwen3-8b,log_103_comparison_200-166,steered_neg,109,109,0.9626,1,0.0187,0,nan,0,0,0,0,0,0,1
20260903-024528_adaptive-add-linear-c40-qwen3-8b_qwen3-8b,log_103_comparison_200-13,initial,107,107,0.9905,1,0.019,1,nan,0,0,1,0,0,0,0
20260903-024528_adaptive-add-linear-c40-qwen3-8b_qwen3-8b,log_103_comparison_200-13,steered_pos,103,103,0.3168,1,0.0495,1,nan,0,0,1,1,0,0,0
20260903-024528_adaptive-add-linear-c40-qwen3-8b_qwen3-8b,log_103_comparison_200-13,steered_neg,111,111,0.3945,1,0.0459,0,nan,0,0,0,1,0,0,0
20260903-024528_adaptive-add-linear-c40-qwen3-8b_qwen3-8b,log_103_comparison_200-94,initial,108,108,0.9811,1,0.0189,1,nan,0,0,1,0,0,0,0
20260903-024528_adaptive-add-linear-c40-qwen3-8b_qwen3-8b,log_103_comparison_200-94,steered_pos,35,35,1.0,1,0.0303,0,nan,0,0,0,0,0,0,1
20260903-024528_adaptive-add-linear-c40-qwen3-8b_qwen3-8b,log_103_comparison_200-94,steered_neg,113,113,0.955,1,0.018,0,nan,0,0,0,0,0,0,1
20260903-024528_adaptive-add-linear-c40-qwen3-8b_qwen3-8b,log_103_comparison_200-138,initial,109,109,1.0,1,0.0093,1,nan,0,0,1,0,0,0,0
20260903-024528_adaptive-add-linear-c40-qwen3-8b_qwen3-8b,log_103_comparison_200-138,steered_pos,84,84,1.0,1,0.0122,1,nan,0,0,1,0,0,0,0
20260903-024528_adaptive-add-linear-c40-qwen3-8b_qwen3-8b,log_103_comparison_200-138,steered_neg,111,111,0.4404,1,0.0459,0,nan,0,0,0,1,0,0,0
20260903-024528_adaptive-add-linear-c40-qwen3-8b_qwen3-8b,log_103_comparison_200-109,initial,101,101,1.0,1,0.0101,1,nan,0,0,1,0,0,0,0
20260903-024528_adaptive-add-linear-c40-qwen3-8b_qwen3-8b,log_103_comparison_200-109,steered_pos,80,80,0.8077,1,0.0385,1,nan,0,0,1,0,0,0,0
20260903-024528_adaptive-add-linear-c40-qwen3-8b_qwen3-8b,log_103_comparison_200-109,steered_neg,102,102,0.85,1,0.03,0,nan,0,0,0,0,0,0,1
20260903-024528_adaptive-add-linear-c40-qwen3-8b_qwen3-8b,log_103_comparison_200-147,initial,103,103,0.9901,1,0.0198,1,nan,0,0,1,0,0,0,0
20260903-024528_adaptive-add-linear-c40-qwen3-8b_qwen3-8b,log_103_comparison_200-147,steered_pos,85,85,0.759,1,0.0361,0,nan,0,0,0,0,0,0,1
20260903-024528_adaptive-add-linear-c40-qwen3-8b_qwen3-8b,log_103_comparison_200-147,steered_neg,104,104,0.9902,1,0.0196,0,nan,0,0,0,0,0,0,1
20260903-024528_adaptive-add-linear-c40-qwen3-8b_qwen3-8b,log_103_comparison_200-51,initial,99,99,0.9794,1,0.0206,1,nan,0,0,1,0,0,0,0
20260903-024528_adaptive-add-linear-c40-qwen3-8b_qwen3-8b,log_103_comparison_200-51,steered_pos,71,71,0.5362,1,0.029,0,nan,0,0,0,0,0,0,1
20260903-024528_adaptive-add-linear-c40-qwen3-8b_qwen3-8b,log_103_comparison_200-51,steered_neg,115,115,0.9558,1,0.0177,0,nan,0,0,0,0,0,0,1
20260903-024528_adaptive-add-linear-c40-qwen3-8b_qwen3-8b,log_103_comparison_200-101,initial,104,104,0.9902,1,0.0196,1,nan,0,0,1,0,0,0,0
20260903-024528_adaptive-add-linear-c40-qwen3-8b_qwen3-8b,log_103_comparison_200-101,steered_pos,79,79,0.4156,1,0.0519,0,nan,0,0,0,1,0,0,0
20260903-024528_adaptive-add-linear-c40-qwen3-8b_qwen3-8b,log_103_comparison_200-101,steered_neg,109,109,0.9907,1,0.0187,0,nan,0,0,0,0,0,0,1
20260903-024528_adaptive-add-linear-c40-qwen3-8b_qwen3-8b,log_103_comparison_200-59,initial,95,95,0.9892,1,0.0215,1,nan,0,0,1,0,0,0,0
20260903-024528_adaptive-add-linear-c40-qwen3-8b_qwen3-8b,log_103_comparison_200-59,steered_pos,62,62,0.5333,2,0.0333,0,nan,0,0,0,0,0,0,1
20260903-024528_adaptive-add-linear-c40-qwen3-8b_qwen3-8b,log_103_comparison_200-59,steered_neg,101,101,0.9899,1,0.0202,0,nan,0,0,0,0,0,0,1
20260903-024528_adaptive-add-linear-c40-qwen3-8b_qwen3-8b,log_103_comparison_200-188,initial,104,104,0.9902,1,0.0196,1,nan,0,0,1,0,0,0,0
20260903-024528_adaptive-add-linear-c40-qwen3-8b_qwen3-8b,log_103_comparison_200-188,steered_pos,35,35,1.0,1,0.0303,0,nan,0,0,0,0,0,0,1
20260903-024528_adaptive-add-linear-c40-qwen3-8b_qwen3-8b,log_103_comparison_200-188,steered_neg,103,103,0.9802,1,0.0198,0,nan,0,0,0,0,0,0,1
20260903-024528_adaptive-add-linear-c40-qwen3-8b_qwen3-8b,log_103_comparison_200-116,initial,103,103,0.9901,1,0.0198,1,nan,0,0,1,0,0,0,0
20260903-024528_adaptive-add-linear-c40-qwen3-8b_qwen3-8b,log_103_comparison_200-116,steered_pos,77,77,0.9467,1,0.0267,0,nan,0,0,0,0,0,0,1
20260903-024528_adaptive-add-linear-c40-qwen3-8b_qwen3-8b,log_103_comparison_200-116,steered_neg,111,111,0.7339,1,0.0183,0,nan,0,0,0,0,0,0,1
20260903-024528_adaptive-add-linear-c40-qwen3-8b_qwen3-8b,log_103_comparison_200-5,initial,108,108,1.0,1,0.0094,1,nan,0,0,1,0,0,0,0
20260903-024528_adaptive-add-linear-c40-qwen3-8b_qwen3-8b,log_103_comparison_200-5,steered_pos,102,102,0.82,1,0.02,0,nan,0,0,0,0,0,0,1
20260903-024528_adaptive-add-linear-c40-qwen3-8b_qwen3-8b,log_103_comparison_200-5,steered_neg,113,113,0.8198,1,0.027,0,nan,0,0,0,0,0,0,1
20260903-024528_adaptive-add-linear-c40-qwen3-8b_qwen3-8b,log_103_comparison_200-170,initial,108,108,1.0,1,0.0094,1,nan,0,0,1,0,0,0,0
20260903-024528_adaptive-add-linear-c40-qwen3-8b_qwen3-8b,log_103_comparison_200-170,steered_pos,64,64,0.4516,2,0.0645,0,nan,0,0,0,1,0,0,0
20260903-024528_adaptive-add-linear-c40-qwen3-8b_qwen3-8b,log_103_comparison_200-170,steered_neg,96,96,1.0,1,0.0106,0,nan,0,0,0,0,0,0,1
20260903-024528_adaptive-add-linear-c40-qwen3-8b_qwen3-8b,log_103_comparison_200-99,initial,104,104,1.0,1,0.0098,1,nan,0,0,1,0,0,0,0
20260903-024528_adaptive-add-linear-c40-qwen3-8b_qwen3-8b,log_103_comparison_200-99,steered_pos,91,91,0.4944,1,0.0449,0,nan,0,0,0,1,0,0,0
20260903-024528_adaptive-add-linear-c40-qwen3-8b_qwen3-8b,log_103_comparison_200-99,steered_neg,102,102,0.68,1,0.03,0,nan,0,0,0,0,0,0,1
20260903-024528_adaptive-add-linear-c40-qwen3-8b_qwen3-8b,log_103_comparison_200-100,initial,104,104,0.9902,1,0.0196,1,nan,0,0,1,0,0,0,0
20260903-024528_adaptive-add-linear-c40-qwen3-8b_qwen3-8b,log_103_comparison_200-100,steered_pos,47,47,0.6444,1,0.0444,0,nan,0,0,0,0,0,0,1
20260903-024528_adaptive-add-linear-c40-qwen3-8b_qwen3-8b,log_103_comparison_200-100,steered_neg,110,110,0.4074,1,0.0278,0,nan,0,0,0,1,0,0,0
20260903-024528_adaptive-add-linear-c40-qwen3-8b_qwen3-8b,log_103_comparison_200-167,initial,110,110,0.9907,1,0.0185,1,nan,0,0,1,0,0,0,0
20260903-024528_adaptive-add-linear-c40-qwen3-8b_qwen3-8b,log_103_comparison_200-167,steered_pos,22,22,1.0,1,0.05,0,nan,0,0,0,0,0,0,1
20260903-024528_adaptive-add-linear-c40-qwen3-8b_qwen3-8b,log_103_comparison_200-167,steered_neg,107,107,0.4095,1,0.0286,0,nan,0,0,0,1,0,0,0
20260903-024528_adaptive-add-linear-c40-qwen3-8b_qwen3-8b,log_103_comparison_200-180,initial,107,107,1.0,1,0.0095,1,nan,0,0,1,0,0,0,0
20260903-024528_adaptive-add-linear-c40-qwen3-8b_qwen3-8b,log_103_comparison_200-180,steered_pos,95,95,0.6344,1,0.043,1,nan,0,0,1,0,0,0,0
20260903-024528_adaptive-add-linear-c40-qwen3-8b_qwen3-8b,log_103_comparison_200-180,steered_neg,108,108,0.8302,1,0.0189,0,nan,0,0,0,0,0,0,1
20260903-024528_adaptive-add-linear-c40-qwen3-8b_qwen3-8b,log_103_comparison_200-146,initial,109,109,0.9907,1,0.0187,1,nan,0,0,1,0,0,0,0
20260903-024528_adaptive-add-linear-c40-qwen3-8b_qwen3-8b,log_103_comparison_200-146,steered_pos,106,106,0.6442,1,0.0865,0,nan,0,0,0,0,0,0,1
20260903-024528_adaptive-add-linear-c40-qwen3-8b_qwen3-8b,log_103_comparison_200-146,steered_neg,111,111,0.9083,1,0.0183,0,nan,0,0,0,0,0,0,1
20260903-024528_adaptive-add-linear-c40-qwen3-8b_qwen3-8b,log_103_comparison_200-65,initial,97,97,1.0,1,0.0105,1,nan,0,0,1,0,0,0,0
20260903-024528_adaptive-add-linear-c40-qwen3-8b_qwen3-8b,log_103_comparison_200-65,steered_pos,33,33,1.0,1,0.0323,0,nan,0,0,0,0,0,0,1
20260903-024528_adaptive-add-linear-c40-qwen3-8b_qwen3-8b,log_103_comparison_200-65,steered_neg,101,101,0.8182,1,0.0202,0,nan,0,0,0,0,0,0,1
20260903-024528_adaptive-add-linear-c40-qwen3-8b_qwen3-8b,log_103_comparison_200-1,initial,105,105,1.0,1,0.0097,1,nan,0,0,1,0,0,0,0
20260903-024528_adaptive-add-linear-c40-qwen3-8b_qwen3-8b,log_103_comparison_200-1,steered_pos,90,90,0.1477,1,0.1477,0,nan,0,0,0,1,0,0,0
20260903-024528_adaptive-add-linear-c40-qwen3-8b_qwen3-8b,log_103_comparison_200-1,steered_neg,108,108,0.9151,1,0.0189,0,nan,0,0,0,0,0,0,1
20260903-024528_adaptive-add-linear-c40-qwen3-8b_qwen3-8b,log_103_comparison_200-104,initial,107,107,1.0,1,0.0095,1,nan,0,0,1,0,0,0,0
20260903-024528_adaptive-add-linear-c40-qwen3-8b_qwen3-8b,log_103_comparison_200-104,steered_pos,43,43,1.0,1,0.0244,0,nan,0,0,0,0,0,0,1
20260903-024528_adaptive-add-linear-c40-qwen3-8b_qwen3-8b,log_103_comparison_200-104,steered_neg,94,94,0.9783,1,0.0217,0,nan,0,0,0,0,0,0,1
20260903-024528_adaptive-add-linear-c40-qwen3-8b_qwen3-8b,log_103_comparison_200-43,initial,102,102,0.99,1,0.02,1,nan,0,0,1,0,0,0,0
20260903-024528_adaptive-add-linear-c40-qwen3-8b_qwen3-8b,log_103_comparison_200-43,steered_pos,100,100,0.5,1,0.0306,0,nan,0,0,0,0,0,0,1
20260903-024528_adaptive-add-linear-c40-qwen3-8b_qwen3-8b,log_103_comparison_200-43,steered_neg,104,104,1.0,1,0.0098,0,nan,0,0,0,0,0,0,1
20260903-024528_adaptive-add-linear-c40-qwen3-8b_qwen3-8b,log_103_comparison_200-38,initial,95,95,1.0,1,0.0108,1,nan,0,0,1,0,0,0,0
20260903-024528_adaptive-add-linear-c40-qwen3-8b_qwen3-8b,log_103_comparison_200-38,steered_pos,56,56,1.0,1,0.0185,0,nan,0,0,0,0,0,0,1
20260903-024528_adaptive-add-linear-c40-qwen3-8b_qwen3-8b,log_103_comparison_200-38,steered_neg,109,109,0.5794,1,0.0187,0,nan,0,0,0,0,0,0,1
20260903-024528_adaptive-add-linear-c40-qwen3-8b_qwen3-8b,log_103_comparison_200-184,initial,99,99,0.9691,1,0.0206,1,nan,0,0,1,0,0,0,0
20260903-024528_adaptive-add-linear-c40-qwen3-8b_qwen3-8b,log_103_comparison_200-184,steered_pos,77,77,0.8,1,0.04,1,nan,0,0,1,0,0,0,0
20260903-024528_adaptive-add-linear-c40-qwen3-8b_qwen3-8b,log_103_comparison_200-184,steered_neg,105,105,1.0,1,0.0097,0,nan,0,0,0,0,0,0,1
20260903-024528_adaptive-add-linear-c40-qwen3-8b_qwen3-8b,log_103_comparison_200-123,initial,105,105,1.0,1,0.0097,1,nan,0,0,1,0,0,0,0
20260903-024528_adaptive-add-linear-c40-qwen3-8b_qwen3-8b,log_103_comparison_200-123,steered_pos,37,37,0.9714,1,0.0571,0,nan,0,0,0,0,0,0,1
20260903-024528_adaptive-add-linear-c40-qwen3-8b_qwen3-8b,log_103_comparison_200-123,steered_neg,102,102,1.0,1,0.01,0,nan,0,0,0,0,0,0,1
20260903-024528_adaptive-add-linear-c40-qwen3-8b_qwen3-8b,log_103_comparison_200-171,initial,98,98,0.9896,1,0.0208,1,nan,0,0,1,0,0,0,0
20260903-024528_adaptive-add-linear-c40-qwen3-8b_qwen3-8b,log_103_comparison_200-171,steered_pos,85,85,0.3855,1,0.0602,0,nan,0,0,0,1,0,0,0
20260903-024528_adaptive-add-linear-c40-qwen3-8b_qwen3-8b,log_103_comparison_200-171,steered_neg,104,104,0.9412,1,0.0294,0,nan,0,0,0,0,0,0,1
20260903-024528_adaptive-add-linear-c40-qwen3-8b_qwen3-8b,log_103_comparison_200-137,initial,104,104,0.9608,1,0.0196,1,nan,0,0,1,0,0,0,0
20260903-024528_adaptive-add-linear-c40-qwen3-8b_qwen3-8b,log_103_comparison_200-137,steered_pos,20,20,1.0,1,0.0556,0,nan,0,0,0,0,0,0,1
20260903-024528_adaptive-add-linear-c40-qwen3-8b_qwen3-8b,log_103_comparison_200-137,steered_neg,112,112,0.9182,1,0.0182,0,nan,0,0,0,0,0,0,1
20260903-024528_adaptive-add-linear-c40-qwen3-8b_qwen3-8b,log_103_comparison_200-162,initial,104,104,1.0,1,0.0098,1,nan,0,0,1,0,0,0,0
20260903-024528_adaptive-add-linear-c40-qwen3-8b_qwen3-8b,log_103_comparison_200-162,steered_pos,55,55,0.6415,1,0.0377,0,nan,0,0,0,0,0,0,1
20260903-024528_adaptive-add-linear-c40-qwen3-8b_qwen3-8b,log_103_comparison_200-162,steered_neg,115,115,0.9027,1,0.0265,0,nan,0,0,0,0,0,0,1
20260903-024528_adaptive-add-linear-c40-qwen3-8b_qwen3-8b,log_103_comparison_200-71,initial,109,109,0.972,1,0.0187,1,nan,0,0,1,0,0,0,0
20260903-024528_adaptive-add-linear-c40-qwen3-8b_qwen3-8b,log_103_comparison_200-71,steered_pos,32,32,1.0,1,0.0333,0,nan,0,0,0,0,0,0,1
20260903-024528_adaptive-add-linear-c40-qwen3-8b_qwen3-8b,log_103_comparison_200-71,steered_neg,103,103,0.9901,1,0.0198,0,nan,0,0,0,0,0,0,1
20260903-024528_adaptive-add-linear-c40-qwen3-8b_qwen3-8b,log_103_comparison_200-44,initial,106,106,0.9712,1,0.0192,1,nan,0,0,1,0,0,0,0
20260903-024528_adaptive-add-linear-c40-qwen3-8b_qwen3-8b,log_103_comparison_200-44,steered_pos,73,73,0.3944,1,0.0845,0,nan,0,0,0,1,0,0,0
20260903-024528_adaptive-add-linear-c40-qwen3-8b_qwen3-8b,log_103_comparison_200-44,steered_neg,107,107,0.8381,1,0.019,0,nan,0,0,0,0,0,0,1
20260903-024528_adaptive-add-linear-c40-qwen3-8b_qwen3-8b,log_103_comparison_200-95,initial,108,108,0.9811,1,0.0189,1,nan,0,0,1,0,0,0,0
20260903-024528_adaptive-add-linear-c40-qwen3-8b_qwen3-8b,log_103_comparison_200-95,steered_pos,27,27,1.0,1,0.04,0,nan,0,0,0,0,0,0,1
20260903-024528_adaptive-add-linear-c40-qwen3-8b_qwen3-8b,log_103_comparison_200-95,steered_neg,97,97,0.9158,1,0.0316,0,nan,0,0,0,0,0,0,1
20260903-024528_adaptive-add-linear-c40-qwen3-8b_qwen3-8b,log_103_comparison_200-174,initial,103,103,0.9703,1,0.0297,0,nan,0,0,0,0,0,0,1
20260903-024528_adaptive-add-linear-c40-qwen3-8b_qwen3-8b,log_103_comparison_200-174,steered_pos,66,66,0.9375,1,0.0469,0,nan,0,0,0,0,0,0,1
20260903-024528_adaptive-add-linear-c40-qwen3-8b_qwen3-8b,log_103_comparison_200-174,steered_neg,102,102,0.94,1,0.02,0,nan,0,0,0,0,0,0,1
20260903-024528_adaptive-add-linear-c40-qwen3-8b_qwen3-8b,log_103_comparison_200-12,initial,98,98,1.0,1,0.0104,1,nan,0,0,1,0,0,0,0
20260903-024528_adaptive-add-linear-c40-qwen3-8b_qwen3-8b,log_103_comparison_200-12,steered_pos,94,94,0.7826,1,0.0326,1,nan,0,0,1,0,0,0,0
20260903-024528_adaptive-add-linear-c40-qwen3-8b_qwen3-8b,log_103_comparison_200-12,steered_neg,103,103,0.9505,1,0.0198,0,nan,0,0,0,0,0,0,1
20260903-024528_adaptive-add-linear-c40-qwen3-8b_qwen3-8b,log_103_comparison_200-7,initial,104,104,1.0,1,0.0098,1,nan,0,0,1,0,0,0,0
20260903-024528_adaptive-add-linear-c40-qwen3-8b_qwen3-8b,log_103_comparison_200-7,steered_pos,89,89,0.977,1,0.023,0,nan,0,0,0,0,0,0,1
20260903-024528_adaptive-add-linear-c40-qwen3-8b_qwen3-8b,log_103_comparison_200-7,steered_neg,95,95,0.957,1,0.0215,0,nan,0,0,0,0,0,0,1
20260903-024528_adaptive-add-linear-c40-qwen3-8b_qwen3-8b,log_103_comparison_200-54,initial,111,111,0.9908,1,0.0183,1,nan,0,0,1,0,0,0,0
20260903-024528_adaptive-add-linear-c40-qwen3-8b_qwen3-8b,log_103_comparison_200-54,steered_pos,107,107,0.5048,1,0.0381,0,nan,0,0,0,0,0,0,1
20260903-024528_adaptive-add-linear-c40-qwen3-8b_qwen3-8b,log_103_comparison_200-54,steered_neg,111,111,0.3303,1,0.0367,0,nan,0,0,0,1,0,0,0
20260903-024528_adaptive-add-linear-c40-qwen3-8b_qwen3-8b,log_103_comparison_200-152,initial,110,110,0.9907,1,0.0185,1,nan,0,0,1,0,0,0,0
20260903-024528_adaptive-add-linear-c40-qwen3-8b_qwen3-8b,log_103_comparison_200-152,steered_pos,90,90,0.4886,1,0.0341,0,nan,0,0,0,1,0,0,0
20260903-024528_adaptive-add-linear-c40-qwen3-8b_qwen3-8b,log_103_comparison_200-152,steered_neg,108,108,0.9434,1,0.0189,0,nan,0,0,0,0,0,0,1
20260903-024528_adaptive-add-linear-c40-qwen3-8b_qwen3-8b,log_103_comparison_200-21,initial,103,103,0.9505,1,0.0297,1,nan,0,0,1,0,0,0,0
20260903-024528_adaptive-add-linear-c40-qwen3-8b_qwen3-8b,log_103_comparison_200-21,steered_pos,36,36,0.9118,1,0.0588,0,nan,0,0,0,0,0,0,1
20260903-024528_adaptive-add-linear-c40-qwen3-8b_qwen3-8b,log_103_comparison_200-21,steered_neg,109,109,0.9907,1,0.0187,0,nan,0,0,0,0,0,0,1
20260903-024528_adaptive-add-linear-c40-qwen3-8b_qwen3-8b,log_103_comparison_200-47,initial,104,104,0.9902,1,0.0196,1,nan,0,0,1,0,0,0,0
20260903-024528_adaptive-add-linear-c40-qwen3-8b_qwen3-8b,log_103_comparison_200-47,steered_pos,34,34,0.9688,1,0.0625,0,nan,0,0,0,0,0,0,1
20260903-024528_adaptive-add-linear-c40-qwen3-8b_qwen3-8b,log_103_comparison_200-47,steered_neg,112,112,0.7182,1,0.0182,0,nan,0,0,0,0,0,0,1
20260903-024528_adaptive-add-linear-c40-qwen3-8b_qwen3-8b,log_103_comparison_200-28,initial,106,106,0.9712,1,0.0192,1,nan,0,0,1,0,0,0,0
20260903-024528_adaptive-add-linear-c40-qwen3-8b_qwen3-8b,log_103_comparison_200-28,steered_pos,71,71,0.9565,1,0.029,0,nan,0,0,0,0,0,0,1
20260903-024528_adaptive-add-linear-c40-qwen3-8b_qwen3-8b,log_103_comparison_200-28,steered_neg,116,116,0.8947,1,0.0439,0,nan,0,0,0,0,0,0,1
20260903-024528_adaptive-add-linear-c40-qwen3-8b_qwen3-8b,log_103_comparison_200-176,initial,107,107,0.9905,1,0.019,1,nan,0,0,1,0,0,0,0
20260903-024528_adaptive-add-linear-c40-qwen3-8b_qwen3-8b,log_103_comparison_200-176,steered_pos,76,76,0.9595,1,0.027,0,nan,0,0,0,0,0,0,1
20260903-024528_adaptive-add-linear-c40-qwen3-8b_qwen3-8b,log_103_comparison_200-176,steered_neg,111,111,0.8716,1,0.0367,0,nan,0,0,0,0,0,0,1
20260903-024528_adaptive-add-linear-c40-qwen3-8b_qwen3-8b,log_103_comparison_200-34,initial,110,110,0.9907,1,0.0185,1,nan,0,0,1,0,0,0,0
20260903-024528_adaptive-add-linear-c40-qwen3-8b_qwen3-8b,log_103_comparison_200-34,steered_pos,100,100,0.5612,1,0.0204,0,nan,0,0,0,0,0,0,1
20260903-024528_adaptive-add-linear-c40-qwen3-8b_qwen3-8b,log_103_comparison_200-34,steered_neg,119,119,0.2222,1,0.2051,0,nan,0,0,0,1,0,0,0
20260903-024528_adaptive-add-linear-c40-qwen3-8b_qwen3-8b,log_103_comparison_200-2,initial,99,99,1.0,1,0.0103,1,nan,0,0,1,0,0,0,0
20260903-024528_adaptive-add-linear-c40-qwen3-8b_qwen3-8b,log_103_comparison_200-2,steered_pos,97,97,0.4632,1,0.0737,1,nan,0,0,1,1,0,0,0
20260903-024528_adaptive-add-linear-c40-qwen3-8b_qwen3-8b,log_103_comparison_200-2,steered_neg,106,106,1.0,1,0.0096,0,nan,0,0,0,0,0,0,1
20260903-024528_adaptive-add-linear-c40-qwen3-8b_qwen3-8b,log_103_comparison_200-132,initial,112,112,1.0,1,0.0091,1,nan,0,0,1,0,0,0,0
20260903-024528_adaptive-add-linear-c40-qwen3-8b_qwen3-8b,log_103_comparison_200-132,steered_pos,83,83,0.8148,1,0.0494,0,nan,0,0,0,0,0,0,1
20260903-024528_adaptive-add-linear-c40-qwen3-8b_qwen3-8b,log_103_comparison_200-132,steered_neg,111,111,0.7523,1,0.0367,0,nan,0,0,0,0,0,0,1
20260903-024528_adaptive-add-linear-c40-qwen3-8b_qwen3-8b,log_103_comparison_200-118,initial,105,105,0.9806,1,0.0194,1,nan,0,0,1,0,0,0,0
20260903-024528_adaptive-add-linear-c40-qwen3-8b_qwen3-8b,log_103_comparison_200-118,steered_pos,34,34,1.0,1,0.0312,0,nan,0,0,0,0,0,0,1
20260903-024528_adaptive-add-linear-c40-qwen3-8b_qwen3-8b,log_103_comparison_200-118,steered_neg,108,108,0.9811,1,0.0189,0,nan,0,0,0,0,0,0,1
20260903-024528_adaptive-add-linear-c40-qwen3-8b_qwen3-8b,log_103_comparison_200-42,initial,94,94,1.0,1,0.0109,1,nan,0,0,1,0,0,0,0
20260903-024528_adaptive-add-linear-c40-qwen3-8b_qwen3-8b,log_103_comparison_200-42,steered_pos,69,69,0.4179,2,0.0448,0,nan,0,0,0,1,0,0,0
20260903-024528_adaptive-add-linear-c40-qwen3-8b_qwen3-8b,log_103_comparison_200-42,steered_neg,107,107,0.9143,1,0.0381,0,nan,0,0,0,0,0,0,1
20260903-024528_adaptive-add-linear-c40-qwen3-8b_qwen3-8b,log_103_comparison_200-189,initial,109,109,1.0,1,0.0093,1,nan,0,0,1,0,0,0,0
20260903-024528_adaptive-add-linear-c40-qwen3-8b_qwen3-8b,log_103_comparison_200-189,steered_pos,111,111,0.2844,4,0.0459,0,nan,0,0,0,1,1,0,0
20260903-024528_adaptive-add-linear-c40-qwen3-8b_qwen3-8b,log_103_comparison_200-189,steered_neg,111,111,0.8073,1,0.0183,0,nan,0,0,0,0,0,0,1
20260903-024528_adaptive-add-linear-c40-qwen3-8b_qwen3-8b,log_103_comparison_200-150,initial,105,105,0.9806,1,0.0194,1,nan,0,0,1,0,0,0,0
20260903-024528_adaptive-add-linear-c40-qwen3-8b_qwen3-8b,log_103_comparison_200-150,steered_pos,21,21,1.0,1,0.0526,0,nan,0,0,0,0,0,0,1
20260903-024528_adaptive-add-linear-c40-qwen3-8b_qwen3-8b,log_103_comparison_200-150,steered_neg,113,113,0.991,1,0.018,0,nan,0,0,0,0,0,0,1
20260903-024528_adaptive-add-linear-c40-qwen3-8b_qwen3-8b,log_103_comparison_200-14,initial,109,109,1.0,1,0.0093,1,nan,0,0,1,0,0,0,0
20260903-024528_adaptive-add-linear-c40-qwen3-8b_qwen3-8b,log_103_comparison_200-14,steered_pos,29,29,1.0,1,0.037,0,nan,0,0,0,0,0,0,1
20260903-024528_adaptive-add-linear-c40-qwen3-8b_qwen3-8b,log_103_comparison_200-14,steered_neg,97,97,0.9789,1,0.0211,0,nan,0,0,0,0,0,0,1
20260903-024528_adaptive-add-linear-c40-qwen3-8b_qwen3-8b,log_103_comparison_200-165,initial,104,104,0.9608,1,0.0196,1,nan,0,0,1,0,0,0,0
20260903-024528_adaptive-add-linear-c40-qwen3-8b_qwen3-8b,log_103_comparison_200-165,steered_pos,98,98,0.5938,1,0.0625,1,nan,0,0,1,0,0,0,0
20260903-024528_adaptive-add-linear-c40-qwen3-8b_qwen3-8b,log_103_comparison_200-165,steered_neg,107,107,0.4571,1,0.0286,0,nan,0,0,0,1,0,0,0
20260903-024528_adaptive-add-linear-c40-qwen3-8b_qwen3-8b,log_103_comparison_200-41,initial,104,104,1.0,1,0.0098,1,nan,0,0,1,0,0,0,0
20260903-024528_adaptive-add-linear-c40-qwen3-8b_qwen3-8b,log_103_comparison_200-41,steered_pos,71,71,0.1594,1,0.1884,1,nan,0,0,1,1,0,0,0
20260903-024528_adaptive-add-linear-c40-qwen3-8b_qwen3-8b,log_103_comparison_200-41,steered_neg,104,104,0.8922,1,0.0196,0,nan,0,0,0,0,0,0,1
20260903-024528_adaptive-add-linear-c40-qwen3-8b_qwen3-8b,log_103_comparison_200-192,initial,106,106,0.9904,1,0.0192,1,nan,0,0,1,0,0,0,0
20260903-024528_adaptive-add-linear-c40-qwen3-8b_qwen3-8b,log_103_comparison_200-192,steered_pos,39,39,1.0,1,0.027,0,nan,0,0,0,0,0,0,1
20260903-024528_adaptive-add-linear-c40-qwen3-8b_qwen3-8b,log_103_comparison_200-192,steered_neg,108,108,0.9434,1,0.0189,0,nan,0,0,0,0,0,0,1
20260903-024528_adaptive-add-linear-c40-qwen3-8b_qwen3-8b,log_103_comparison_200-45,initial,105,105,1.0,1,0.0097,1,nan,0,0,1,0,0,0,0
20260903-024528_adaptive-add-linear-c40-qwen3-8b_qwen3-8b,log_103_comparison_200-45,steered_pos,47,47,0.9778,1,0.0444,0,nan,0,0,0,0,0,0,1
20260903-024528_adaptive-add-linear-c40-qwen3-8b_qwen3-8b,log_103_comparison_200-45,steered_neg,109,109,0.6262,1,0.0374,0,nan,0,0,0,0,0,0,1
20260903-024528_adaptive-add-linear-c40-qwen3-8b_qwen3-8b,log_103_comparison_200-82,initial,106,106,1.0,1,0.0096,1,nan,0,0,1,0,0,0,0
20260903-024528_adaptive-add-linear-c40-qwen3-8b_qwen3-8b,log_103_comparison_200-82,steered_pos,92,92,0.6,1,0.0444,0,nan,0,0,0,0,0,0,1
20260903-024528_adaptive-add-linear-c40-qwen3-8b_qwen3-8b,log_103_comparison_200-82,steered_neg,114,114,0.8036,1,0.0179,0,nan,0,0,0,0,0,0,1
20260903-024528_adaptive-add-linear-c40-qwen3-8b_qwen3-8b,log_103_comparison_200-128,initial,104,104,1.0,1,0.0098,1,nan,0,0,1,0,0,0,0
20260903-024528_adaptive-add-linear-c40-qwen3-8b_qwen3-8b,log_103_comparison_200-128,steered_pos,86,86,0.6071,1,0.0595,0,nan,0,0,0,0,0,0,1
20260903-024528_adaptive-add-linear-c40-qwen3-8b_qwen3-8b,log_103_comparison_200-128,steered_neg,106,106,0.6154,1,0.0192,0,nan,0,0,0,0,0,0,1
20260903-024528_adaptive-add-linear-c40-qwen3-8b_qwen3-8b,log_103_comparison_200-63,initial,102,102,0.93,1,0.02,1,nan,0,0,1,0,0,0,0
20260903-024528_adaptive-add-linear-c40-qwen3-8b_qwen3-8b,log_103_comparison_200-63,steered_pos,51,51,0.9184,1,0.0408,0,nan,0,0,0,0,0,0,1
20260903-024528_adaptive-add-linear-c40-qwen3-8b_qwen3-8b,log_103_comparison_200-63,steered_neg,110,110,0.5556,1,0.0185,0,nan,0,0,0,0,0,0,1
20260903-024528_adaptive-add-linear-c40-qwen3-8b_qwen3-8b,log_103_comparison_200-57,initial,110,110,1.0,1,0.0093,1,nan,0,0,1,0,0,0,0
20260903-024528_adaptive-add-linear-c40-qwen3-8b_qwen3-8b,log_103_comparison_200-57,steered_pos,34,34,0.9062,1,0.0625,0,nan,0,0,0,0,0,0,1
20260903-024528_adaptive-add-linear-c40-qwen3-8b_qwen3-8b,log_103_comparison_200-57,steered_neg,101,101,0.9899,1,0.0202,0,nan,0,0,0,0,0,0,1
20260903-024528_adaptive-add-linear-c40-qwen3-8b_qwen3-8b,log_103_comparison_200-197,initial,109,109,0.9813,1,0.0187,0,nan,0,0,0,0,0,0,1
20260903-024528_adaptive-add-linear-c40-qwen3-8b_qwen3-8b,log_103_comparison_200-197,steered_pos,76,76,0.6216,1,0.0676,0,nan,0,0,0,0,0,0,1
20260903-024528_adaptive-add-linear-c40-qwen3-8b_qwen3-8b,log_103_comparison_200-197,steered_neg,92,92,1.0,1,0.0111,0,nan,0,0,0,0,0,0,1
20260903-024528_adaptive-add-linear-c40-qwen3-8b_qwen3-8b,log_103_comparison_200-160,initial,100,100,0.9898,1,0.0204,1,nan,0,0,1,0,0,0,0
20260903-024528_adaptive-add-linear-c40-qwen3-8b_qwen3-8b,log_103_comparison_200-160,steered_pos,47,47,1.0,1,0.0222,0,nan,0,0,0,0,0,0,1
20260903-024528_adaptive-add-linear-c40-qwen3-8b_qwen3-8b,log_103_comparison_200-160,steered_neg,112,112,0.9909,1,0.0182,0,nan,0,0,0,0,0,0,1
20260903-024528_adaptive-add-linear-c40-qwen3-8b_qwen3-8b,log_103_comparison_200-53,initial,106,106,1.0,1,0.0096,1,nan,0,0,1,0,0,0,0
20260903-024528_adaptive-add-linear-c40-qwen3-8b_qwen3-8b,log_103_comparison_200-53,steered_pos,89,89,0.2299,1,0.4023,0,nan,0,0,0,1,0,0,0
20260903-024528_adaptive-add-linear-c40-qwen3-8b_qwen3-8b,log_103_comparison_200-53,steered_neg,108,108,0.8962,1,0.0189,0,nan,0,0,0,0,0,0,1
20260903-024528_adaptive-add-linear-c40-qwen3-8b_qwen3-8b,log_103_comparison_200-75,initial,104,104,0.9902,1,0.0196,1,nan,0,0,1,0,0,0,0
20260903-024528_adaptive-add-linear-c40-qwen3-8b_qwen3-8b,log_103_comparison_200-75,steered_pos,52,52,0.96,1,0.04,0,nan,0,0,0,0,0,0,1
20260903-024528_adaptive-add-linear-c40-qwen3-8b_qwen3-8b,log_103_comparison_200-75,steered_neg,115,115,0.8407,1,0.0265,0,nan,0,0,0,0,0,0,1
20260903-024528_adaptive-add-linear-c40-qwen3-8b_qwen3-8b,log_103_comparison_200-108,initial,108,108,1.0,1,0.0094,1,nan,0,0,1,0,0,0,0
20260903-024528_adaptive-add-linear-c40-qwen3-8b_qwen3-8b,log_103_comparison_200-108,steered_pos,28,28,0.9615,1,0.0769,0,nan,0,0,0,0,0,0,1
20260903-024528_adaptive-add-linear-c40-qwen3-8b_qwen3-8b,log_103_comparison_200-108,steered_neg,105,105,1.0,1,0.0097,0,nan,0,0,0,0,0,0,1
20260903-024528_adaptive-add-linear-c40-qwen3-8b_qwen3-8b,log_103_comparison_200-135,initial,109,109,0.9439,1,0.028,1,nan,0,0,1,0,0,0,0
20260903-024528_adaptive-add-linear-c40-qwen3-8b_qwen3-8b,log_103_comparison_200-135,steered_pos,26,26,1.0,1,0.0417,0,nan,0,0,0,0,0,0,1
20260903-024528_adaptive-add-linear-c40-qwen3-8b_qwen3-8b,log_103_comparison_200-135,steered_neg,109,109,0.785,1,0.0374,0,nan,0,0,0,0,0,0,1
20260903-024528_adaptive-add-linear-c40-qwen3-8b_qwen3-8b,log_103_comparison_200-121,initial,106,106,0.9808,1,0.0192,1,nan,0,0,1,0,0,0,0
20260903-024528_adaptive-add-linear-c40-qwen3-8b_qwen3-8b,log_103_comparison_200-121,steered_pos,27,27,0.96,1,0.08,0,nan,0,0,0,0,0,0,1
20260903-024528_adaptive-add-linear-c40-qwen3-8b_qwen3-8b,log_103_comparison_200-121,steered_neg,108,108,0.9245,1,0.0283,0,nan,0,0,0,0,0,0,1
20260903-024528_adaptive-add-linear-c40-qwen3-8b_qwen3-8b,log_103_comparison_200-159,initial,107,107,1.0,1,0.0095,1,nan,0,0,1,0,0,0,0
20260903-024528_adaptive-add-linear-c40-qwen3-8b_qwen3-8b,log_103_comparison_200-159,steered_pos,53,53,0.9608,1,0.0392,0,nan,0,0,0,0,0,0,1
20260903-024528_adaptive-add-linear-c40-qwen3-8b_qwen3-8b,log_103_comparison_200-159,steered_neg,107,107,0.981,1,0.019,0,nan,0,0,0,0,0,0,1
20260903-024528_adaptive-add-linear-c40-qwen3-8b_qwen3-8b,log_103_comparison_200-183,initial,104,104,0.9804,1,0.0196,1,nan,0,0,1,0,0,0,0
20260903-024528_adaptive-add-linear-c40-qwen3-8b_qwen3-8b,log_103_comparison_200-183,steered_pos,42,42,0.825,1,0.05,0,nan,0,0,0,0,0,0,1
20260903-024528_adaptive-add-linear-c40-qwen3-8b_qwen3-8b,log_103_comparison_200-183,steered_neg,120,120,0.5678,1,0.1695,0,nan,0,0,0,0,0,0,1
20260903-024528_adaptive-add-linear-c40-qwen3-8b_qwen3-8b,log_103_comparison_200-67,initial,105,105,0.9903,1,0.0194,1,nan,0,0,1,0,0,0,0
20260903-024528_adaptive-add-linear-c40-qwen3-8b_qwen3-8b,log_103_comparison_200-67,steered_pos,106,106,0.0673,1,0.2019,0,nan,0,0,0,1,0,0,0
20260903-024528_adaptive-add-linear-c40-qwen3-8b_qwen3-8b,log_103_comparison_200-67,steered_neg,107,107,0.9524,1,0.019,0,nan,0,0,0,0,0,0,1
20260903-024528_adaptive-add-linear-c40-qwen3-8b_qwen3-8b,log_103_comparison_200-169,initial,106,106,1.0,1,0.0096,1,nan,0,0,1,0,0,0,0
20260903-024528_adaptive-add-linear-c40-qwen3-8b_qwen3-8b,log_103_comparison_200-169,steered_pos,91,91,0.5169,1,0.0225,0,nan,0,0,0,0,0,0,1
20260903-024528_adaptive-add-linear-c40-qwen3-8b_qwen3-8b,log_103_comparison_200-169,steered_neg,114,114,0.9821,1,0.0179,0,nan,0,0,0,0,0,0,1
20260903-024528_adaptive-add-linear-c40-qwen3-8b_qwen3-8b,log_103_comparison_200-50,initial,99,99,0.9588,1,0.0309,1,nan,0,0,1,0,0,0,0
20260903-024528_adaptive-add-linear-c40-qwen3-8b_qwen3-8b,log_103_comparison_200-50,steered_pos,28,28,1.0,1,0.0385,0,nan,0,0,0,0,0,0,1
20260903-024528_adaptive-add-linear-c40-qwen3-8b_qwen3-8b,log_103_comparison_200-50,steered_neg,112,112,0.7636,1,0.0364,0,nan,0,0,0,0,0,0,1
20260903-024528_adaptive-add-linear-c40-qwen3-8b_qwen3-8b,log_103_comparison_200-87,initial,100,100,1.0,1,0.0102,1,nan,0,0,1,0,0,0,0
20260903-024528_adaptive-add-linear-c40-qwen3-8b_qwen3-8b,log_103_comparison_200-87,steered_pos,93,93,0.2418,1,0.0769,0,nan,0,0,0,1,0,0,0
20260903-024528_adaptive-add-linear-c40-qwen3-8b_qwen3-8b,log_103_comparison_200-87,steered_neg,100,100,0.9694,1,0.0204,0,nan,0,0,0,0,0,0,1
20260903-024528_adaptive-add-linear-c40-qwen3-8b_qwen3-8b,log_103_comparison_200-69,initial,108,108,0.9057,1,0.0377,1,nan,0,0,1,0,0,0,0
20260903-024528_adaptive-add-linear-c40-qwen3-8b_qwen3-8b,log_103_comparison_200-69,steered_pos,35,35,1.0,1,0.0303,0,nan,0,0,0,0,0,0,1
20260903-024528_adaptive-add-linear-c40-qwen3-8b_qwen3-8b,log_103_comparison_200-69,steered_neg,109,109,0.8972,1,0.028,0,nan,0,0,0,0,0,0,1
20260903-024528_adaptive-add-linear-c40-qwen3-8b_qwen3-8b,log_103_comparison_200-89,initial,108,108,0.9906,1,0.0189,1,nan,0,0,1,0,0,0,0
20260903-024528_adaptive-add-linear-c40-qwen3-8b_qwen3-8b,log_103_comparison_200-89,steered_pos,105,105,0.6505,1,0.0388,0,nan,0,0,0,0,0,0,1
20260903-024528_adaptive-add-linear-c40-qwen3-8b_qwen3-8b,log_103_comparison_200-89,steered_neg,106,106,0.9423,1,0.0288,0,nan,0,0,0,0,0,0,1
20260903-024528_adaptive-add-linear-c40-qwen3-8b_qwen3-8b,log_103_comparison_200-196,initial,108,108,0.9717,1,0.0189,1,nan,0,0,1,0,0,0,0
20260903-024528_adaptive-add-linear-c40-qwen3-8b_qwen3-8b,log_103_comparison_200-196,steered_pos,106,106,0.5288,1,0.0577,0,nan,0,0,0,0,0,0,1
20260903-024528_adaptive-add-linear-c40-qwen3-8b_qwen3-8b,log_103_comparison_200-196,steered_neg,106,106,0.5673,1,0.0192,0,nan,0,0,0,0,0,0,1
20260903-024528_adaptive-add-linear-c40-qwen3-8b_qwen3-8b,log_103_comparison_200-115,initial,99,99,1.0,1,0.0103,1,nan,0,0,1,0,0,0,0
20260903-024528_adaptive-add-linear-c40-qwen3-8b_qwen3-8b,log_103_comparison_200-115,steered_pos,61,61,0.5254,1,0.0339,0,nan,0,0,0,0,0,0,1
20260903-024528_adaptive-add-linear-c40-qwen3-8b_qwen3-8b,log_103_comparison_200-115,steered_neg,113,113,0.7117,1,0.027,0,nan,0,0,0,0,0,0,1
20260903-024528_adaptive-add-linear-c40-qwen3-8b_qwen3-8b,log_103_comparison_200-19,initial,101,101,0.9596,1,0.0303,1,nan,0,0,1,0,0,0,0
20260903-024528_adaptive-add-linear-c40-qwen3-8b_qwen3-8b,log_103_comparison_200-19,steered_pos,85,85,0.5904,1,0.0482,0,nan,0,0,0,0,0,0,1
20260903-024528_adaptive-add-linear-c40-qwen3-8b_qwen3-8b,log_103_comparison_200-19,steered_neg,107,107,0.3905,1,0.0667,0,nan,0,0,0,1,0,0,0
20260903-024528_adaptive-add-linear-c40-qwen3-8b_qwen3-8b,log_103_comparison_200-148,initial,97,97,0.9895,1,0.0211,1,nan,0,0,1,0,0,0,0
20260903-024528_adaptive-add-linear-c40-qwen3-8b_qwen3-8b,log_103_comparison_200-148,steered_pos,83,83,0.8395,1,0.0494,1,nan,0,0,1,0,0,0,0
20260903-024528_adaptive-add-linear-c40-qwen3-8b_qwen3-8b,log_103_comparison_200-148,steered_neg,96,96,0.4468,1,0.0532,0,nan,0,0,0,1,0,0,0
20260903-024528_adaptive-add-linear-c40-qwen3-8b_qwen3-8b,log_103_comparison_200-96,initial,107,107,1.0,1,0.0095,1,nan,0,0,1,0,0,0,0
20260903-024528_adaptive-add-linear-c40-qwen3-8b_qwen3-8b,log_103_comparison_200-96,steered_pos,39,39,0.973,1,0.0541,0,nan,0,0,0,0,0,0,1
20260903-024528_adaptive-add-linear-c40-qwen3-8b_qwen3-8b,log_103_comparison_200-96,steered_neg,119,119,0.2308,1,0.1624,0,nan,0,0,0,1,0,0,0
20260903-024528_adaptive-add-linear-c40-qwen3-8b_qwen3-8b,log_103_comparison_200-86,initial,101,101,0.9697,1,0.0303,1,nan,0,0,1,0,0,0,0
20260903-024528_adaptive-add-linear-c40-qwen3-8b_qwen3-8b,log_103_comparison_200-86,steered_pos,49,49,0.766,1,0.0426,0,nan,0,0,0,0,0,0,1
20260903-024528_adaptive-add-linear-c40-qwen3-8b_qwen3-8b,log_103_comparison_200-86,steered_neg,111,111,0.9266,1,0.0275,0,nan,0,0,0,0,0,0,1
20260903-024528_adaptive-add-linear-c40-qwen3-8b_qwen3-8b,log_103_comparison_200-11,initial,109,109,0.9626,1,0.028,1,nan,0,0,1,0,0,0,0
20260903-024528_adaptive-add-linear-c40-qwen3-8b_qwen3-8b,log_103_comparison_200-11,steered_pos,73,73,0.8169,1,0.0282,0,nan,0,0,0,0,0,0,1
20260903-024528_adaptive-add-linear-c40-qwen3-8b_qwen3-8b,log_103_comparison_200-11,steered_neg,115,115,0.8938,1,0.0177,0,nan,0,0,0,0,0,0,1
20260903-024528_adaptive-add-linear-c40-qwen3-8b_qwen3-8b,log_103_comparison_200-8,initial,104,104,1.0,1,0.0098,1,nan,0,0,1,0,0,0,0
20260903-024528_adaptive-add-linear-c40-qwen3-8b_qwen3-8b,log_103_comparison_200-8,steered_pos,84,84,0.2683,1,0.0732,1,nan,0,0,1,1,0,0,0
20260903-024528_adaptive-add-linear-c40-qwen3-8b_qwen3-8b,log_103_comparison_200-8,steered_neg,110,110,0.9907,1,0.0185,0,nan,0,0,0,0,0,0,1
20260903-024528_adaptive-add-linear-c40-qwen3-8b_qwen3-8b,log_103_comparison_200-60,initial,106,106,1.0,1,0.0096,1,nan,0,0,1,0,0,0,0
20260903-024528_adaptive-add-linear-c40-qwen3-8b_qwen3-8b,log_103_comparison_200-60,steered_pos,29,29,1.0,1,0.037,0,nan,0,0,0,0,0,0,1
20260903-024528_adaptive-add-linear-c40-qwen3-8b_qwen3-8b,log_103_comparison_200-60,steered_neg,116,116,1.0,1,0.0088,0,nan,0,0,0,0,0,0,1
20260903-024528_adaptive-add-linear-c40-qwen3-8b_qwen3-8b,log_103_comparison_200-33,initial,108,108,0.9811,1,0.0189,1,nan,0,0,1,0,0,0,0
20260903-024528_adaptive-add-linear-c40-qwen3-8b_qwen3-8b,log_103_comparison_200-33,steered_pos,100,100,0.6531,1,0.051,0,nan,0,0,0,0,0,0,1
20260903-024528_adaptive-add-linear-c40-qwen3-8b_qwen3-8b,log_103_comparison_200-33,steered_neg,106,106,0.4904,2,0.0385,0,nan,0,0,0,1,0,0,0
20260903-024528_adaptive-add-linear-c40-qwen3-8b_qwen3-8b,log_103_comparison_200-173,initial,107,107,1.0,1,0.0095,1,nan,0,0,1,0,0,0,0
20260903-024528_adaptive-add-linear-c40-qwen3-8b_qwen3-8b,log_103_comparison_200-173,steered_pos,20,20,1.0,1,0.0556,0,nan,0,0,0,0,0,0,1
20260903-024528_adaptive-add-linear-c40-qwen3-8b_qwen3-8b,log_103_comparison_200-173,steered_neg,106,106,0.9712,1,0.0192,0,nan,0,0,0,0,0,0,1
20260903-024528_adaptive-add-linear-c40-qwen3-8b_qwen3-8b,log_103_comparison_200-78,initial,102,102,1.0,1,0.01,1,nan,0,0,1,0,0,0,0
20260903-024528_adaptive-add-linear-c40-qwen3-8b_qwen3-8b,log_103_comparison_200-78,steered_pos,16,16,1.0,1,0.0714,0,nan,0,0,0,0,0,0,1
20260903-024528_adaptive-add-linear-c40-qwen3-8b_qwen3-8b,log_103_comparison_200-78,steered_neg,110,110,0.9352,1,0.037,0,nan,0,0,0,0,0,0,1
20260903-024528_adaptive-add-linear-c40-qwen3-8b_qwen3-8b,log_103_comparison_200-4,initial,105,105,0.9903,1,0.0194,1,nan,0,0,1,0,0,0,0
20260903-024528_adaptive-add-linear-c40-qwen3-8b_qwen3-8b,log_103_comparison_200-4,steered_pos,80,80,0.8718,1,0.0385,1,nan,0,0,1,0,0,0,0
20260903-024528_adaptive-add-linear-c40-qwen3-8b_qwen3-8b,log_103_comparison_200-4,steered_neg,112,112,0.9818,1,0.0182,0,nan,0,0,0,0,0,0,1
20260903-024528_adaptive-add-linear-c40-qwen3-8b_qwen3-8b,log_103_comparison_200-119,initial,106,106,1.0,1,0.0096,1,nan,0,0,1,0,0,0,0
20260903-024528_adaptive-add-linear-c40-qwen3-8b_qwen3-8b,log_103_comparison_200-119,steered_pos,72,72,0.7,1,0.0429,0,nan,0,0,0,0,0,0,1
20260903-024528_adaptive-add-linear-c40-qwen3-8b_qwen3-8b,log_103_comparison_200-119,steered_neg,107,107,0.6952,1,0.019,0,nan,0,0,0,0,0,0,1
20260903-024528_adaptive-add-linear-c40-qwen3-8b_qwen3-8b,log_103_comparison_200-105,initial,104,104,1.0,1,0.0098,1,nan,0,0,1,0,0,0,0
20260903-024528_adaptive-add-linear-c40-qwen3-8b_qwen3-8b,log_103_comparison_200-105,steered_pos,87,87,0.4588,1,0.0471,0,nan,0,0,0,1,0,0,0
20260903-024528_adaptive-add-linear-c40-qwen3-8b_qwen3-8b,log_103_comparison_200-105,steered_neg,109,109,0.243,1,0.1682,0,nan,0,0,0,1,0,0,0
20260903-024528_adaptive-add-linear-c40-qwen3-8b_qwen3-8b,log_103_comparison_200-182,initial,106,106,1.0,1,0.0096,1,nan,0,0,1,0,0,0,0
20260903-024528_adaptive-add-linear-c40-qwen3-8b_qwen3-8b,log_103_comparison_200-182,steered_pos,26,26,1.0,1,0.0417,0,nan,0,0,0,0,0,0,1
20260903-024528_adaptive-add-linear-c40-qwen3-8b_qwen3-8b,log_103_comparison_200-182,steered_neg,109,109,0.9907,1,0.0187,0,nan,0,0,0,0,0,0,1
20260903-024528_adaptive-add-linear-c40-qwen3-8b_qwen3-8b,log_103_comparison_200-127,initial,105,105,1.0,1,0.0097,1,nan,0,0,1,0,0,0,0
20260903-024528_adaptive-add-linear-c40-qwen3-8b_qwen3-8b,log_103_comparison_200-127,steered_pos,37,37,0.9429,1,0.0571,0,nan,0,0,0,0,0,0,1
20260903-024528_adaptive-add-linear-c40-qwen3-8b_qwen3-8b,log_103_comparison_200-127,steered_neg,103,103,0.2871,2,0.0495,0,nan,0,0,0,1,0,0,0
20260903-024528_adaptive-add-linear-c40-qwen3-8b_qwen3-8b,log_103_comparison_200-177,initial,103,103,1.0,1,0.0099,1,nan,0,0,1,0,0,0,0
20260903-024528_adaptive-add-linear-c40-qwen3-8b_qwen3-8b,log_103_comparison_200-177,steered_pos,71,71,0.942,1,0.029,0,nan,0,0,0,0,0,0,1
20260903-024528_adaptive-add-linear-c40-qwen3-8b_qwen3-8b,log_103_comparison_200-177,steered_neg,40,40,1.0,1,0.0263,0,nan,0,0,0,0,0,0,1
20260903-024528_adaptive-add-linear-c40-qwen3-8b_qwen3-8b,log_103_comparison_200-30,initial,110,110,0.9722,1,0.0185,1,nan,0,0,1,0,0,0,0
20260903-024528_adaptive-add-linear-c40-qwen3-8b_qwen3-8b,log_103_comparison_200-30,steered_pos,71,71,0.8986,1,0.058,0,nan,0,0,0,0,0,0,1
20260903-024528_adaptive-add-linear-c40-qwen3-8b_qwen3-8b,log_103_comparison_200-30,steered_neg,106,106,0.9615,1,0.0192,0,nan,0,0,0,0,0,0,1
20260903-024528_adaptive-add-linear-c40-qwen3-8b_qwen3-8b,log_103_comparison_200-186,initial,98,98,1.0,1,0.0104,1,nan,0,0,1,0,0,0,0
20260903-024528_adaptive-add-linear-c40-qwen3-8b_qwen3-8b,log_103_comparison_200-186,steered_pos,79,79,0.1558,1,0.1039,0,nan,0,0,0,1,0,0,0
20260903-024528_adaptive-add-linear-c40-qwen3-8b_qwen3-8b,log_103_comparison_200-186,steered_neg,111,111,1.0,1,0.0092,0,nan,0,0,0,0,0,0,1
20260903-024528_adaptive-add-linear-c40-qwen3-8b_qwen3-8b,log_103_comparison_200-40,initial,106,106,1.0,1,0.0096,1,nan,0,0,1,0,0,0,0
20260903-024528_adaptive-add-linear-c40-qwen3-8b_qwen3-8b,log_103_comparison_200-40,steered_pos,28,28,1.0,1,0.0385,0,nan,0,0,0,0,0,0,1
20260903-024528_adaptive-add-linear-c40-qwen3-8b_qwen3-8b,log_103_comparison_200-40,steered_neg,103,103,0.8218,1,0.0198,0,nan,0,0,0,0,0,0,1
20260903-024528_adaptive-add-linear-c40-qwen3-8b_qwen3-8b,log_103_comparison_200-49,initial,105,105,1.0,1,0.0097,1,nan,0,0,1,0,0,0,0
20260903-024528_adaptive-add-linear-c40-qwen3-8b_qwen3-8b,log_103_comparison_200-49,steered_pos,32,32,0.9333,1,0.0667,0,nan,0,0,0,0,0,0,1
20260903-024528_adaptive-add-linear-c40-qwen3-8b_qwen3-8b,log_103_comparison_200-49,steered_neg,108,108,0.9434,1,0.0189,0,nan,0,0,0,0,0,0,1
20260903-024528_adaptive-add-linear-c40-qwen3-8b_qwen3-8b,log_103_comparison_200-178,initial,109,109,1.0,1,0.0093,1,nan,0,0,1,0,0,0,0
20260903-024528_adaptive-add-linear-c40-qwen3-8b_qwen3-8b,log_103_comparison_200-178,steered_pos,27,27,0.96,1,0.08,0,nan,0,0,0,0,0,0,1
20260903-024528_adaptive-add-linear-c40-qwen3-8b_qwen3-8b,log_103_comparison_200-178,steered_neg,106,106,0.9808,1,0.0192,0,nan,0,0,0,0,0,0,1
20260903-024528_adaptive-add-linear-c40-qwen3-8b_qwen3-8b,log_103_comparison_200-76,initial,102,102,0.97,1,0.02,1,nan,0,0,1,0,0,0,0
20260903-024528_adaptive-add-linear-c40-qwen3-8b_qwen3-8b,log_103_comparison_200-76,steered_pos,28,28,0.9231,1,0.0769,0,nan,0,0,0,0,0,0,1
20260903-024528_adaptive-add-linear-c40-qwen3-8b_qwen3-8b,log_103_comparison_200-76,steered_neg,108,108,0.5755,1,0.0189,0,nan,0,0,0,0,0,0,1
20260903-024528_adaptive-add-linear-c40-qwen3-8b_qwen3-8b,log_103_comparison_200-157,initial,108,108,1.0,1,0.0094,1,nan,0,0,1,0,0,0,0
20260903-024528_adaptive-add-linear-c40-qwen3-8b_qwen3-8b,log_103_comparison_200-157,steered_pos,77,77,0.7867,1,0.0667,0,nan,0,0,0,0,0,0,1
20260903-024528_adaptive-add-linear-c40-qwen3-8b_qwen3-8b,log_103_comparison_200-157,steered_neg,105,105,1.0,1,0.0097,0,nan,0,0,0,0,0,0,1
20260903-024528_adaptive-add-linear-c40-qwen3-8b_qwen3-8b,log_103_comparison_200-161,initial,100,100,0.9898,1,0.0204,1,nan,0,0,1,0,0,0,0
20260903-024528_adaptive-add-linear-c40-qwen3-8b_qwen3-8b,log_103_comparison_200-161,steered_pos,49,49,0.8298,1,0.0426,0,nan,0,0,0,0,0,0,1
20260903-024528_adaptive-add-linear-c40-qwen3-8b_qwen3-8b,log_103_comparison_200-161,steered_neg,117,117,0.5565,1,0.0522,0,nan,0,0,0,0,0,0,1
20260903-024528_adaptive-add-linear-c40-qwen3-8b_qwen3-8b,log_103_comparison_200-73,initial,109,109,0.9907,1,0.0187,1,nan,0,0,1,0,0,0,0
20260903-024528_adaptive-add-linear-c40-qwen3-8b_qwen3-8b,log_103_comparison_200-73,steered_pos,55,55,0.3774,1,0.1887,0,nan,0,0,0,1,0,0,0
20260903-024528_adaptive-add-linear-c40-qwen3-8b_qwen3-8b,log_103_comparison_200-73,steered_neg,109,109,0.9626,1,0.0187,0,nan,0,0,0,0,0,0,1
20260903-024528_adaptive-add-linear-c40-qwen3-8b_qwen3-8b,log_103_comparison_200-164,initial,97,97,1.0,1,0.0105,1,nan,0,0,1,0,0,0,0
20260903-024528_adaptive-add-linear-c40-qwen3-8b_qwen3-8b,log_103_comparison_200-164,steered_pos,104,104,0.3235,1,0.1961,0,nan,0,0,0,1,0,0,0
20260903-024528_adaptive-add-linear-c40-qwen3-8b_qwen3-8b,log_103_comparison_200-164,steered_neg,105,105,0.9903,1,0.0194,0,nan,0,0,0,0,0,0,1
20260903-024528_adaptive-add-linear-c40-qwen3-8b_qwen3-8b,log_103_comparison_200-151,initial,104,104,1.0,1,0.0098,1,nan,0,0,1,0,0,0,0
20260903-024528_adaptive-add-linear-c40-qwen3-8b_qwen3-8b,log_103_comparison_200-151,steered_pos,29,29,1.0,1,0.037,0,nan,0,0,0,0,0,0,1
20260903-024528_adaptive-add-linear-c40-qwen3-8b_qwen3-8b,log_103_comparison_200-151,steered_neg,107,107,0.9238,1,0.0381,0,nan,0,0,0,0,0,0,1
20260903-024528_adaptive-add-linear-c40-qwen3-8b_qwen3-8b,log_103_comparison_200-31,initial,105,105,1.0,1,0.0097,1,nan,0,0,1,0,0,0,0
20260903-024528_adaptive-add-linear-c40-qwen3-8b_qwen3-8b,log_103_comparison_200-31,steered_pos,37,37,0.8857,1,0.0571,0,nan,0,0,0,0,0,0,1
20260903-024528_adaptive-add-linear-c40-qwen3-8b_qwen3-8b,log_103_comparison_200-31,steered_neg,103,103,0.7129,1,0.0297,0,nan,0,0,0,0,0,0,1
20260903-024528_adaptive-add-linear-c40-qwen3-8b_qwen3-8b,log_103_comparison_200-74,initial,110,110,1.0,1,0.0093,1,nan,0,0,1,0,0,0,0
20260903-024528_adaptive-add-linear-c40-qwen3-8b_qwen3-8b,log_103_comparison_200-74,steered_pos,27,27,0.96,2,0.08,0,nan,0,0,0,0,0,0,1
20260903-024528_adaptive-add-linear-c40-qwen3-8b_qwen3-8b,log_103_comparison_200-74,steered_neg,109,109,1.0,1,0.0093,0,nan,0,0,0,0,0,0,1
20260903-024528_adaptive-add-linear-c40-qwen3-8b_qwen3-8b,log_103_comparison_200-191,initial,106,106,0.9808,1,0.0192,1,nan,0,0,1,0,0,0,0
20260903-024528_adaptive-add-linear-c40-qwen3-8b_qwen3-8b,log_103_comparison_200-191,steered_pos,26,26,1.0,1,0.0417,0,nan,0,0,0,0,0,0,1
20260903-024528_adaptive-add-linear-c40-qwen3-8b_qwen3-8b,log_103_comparison_200-191,steered_neg,116,116,0.9561,1,0.0263,0,nan,0,0,0,0,0,0,1
20260903-024528_adaptive-add-linear-c40-qwen3-8b_qwen3-8b,log_103_comparison_200-27,initial,105,105,1.0,1,0.0097,1,nan,0,0,1,0,0,0,0
20260903-024528_adaptive-add-linear-c40-qwen3-8b_qwen3-8b,log_103_comparison_200-27,steered_pos,93,93,0.6593,1,0.044,0,nan,0,0,0,0,0,0,1
20260903-024528_adaptive-add-linear-c40-qwen3-8b_qwen3-8b,log_103_comparison_200-27,steered_neg,102,102,0.43,1,0.03,0,nan,0,0,0,1,0,0,0
20260903-024528_adaptive-add-linear-c40-qwen3-8b_qwen3-8b,log_103_comparison_200-125,initial,103,103,0.9901,1,0.0198,1,nan,0,0,1,0,0,0,0
20260903-024528_adaptive-add-linear-c40-qwen3-8b_qwen3-8b,log_103_comparison_200-125,steered_pos,36,36,0.8824,1,0.0588,0,nan,0,0,0,0,0,0,1
20260903-024528_adaptive-add-linear-c40-qwen3-8b_qwen3-8b,log_103_comparison_200-125,steered_neg,103,103,0.901,1,0.0198,0,nan,0,0,0,0,0,0,1
20260903-024528_adaptive-add-linear-c40-qwen3-8b_qwen3-8b,log_103_comparison_200-198,initial,107,107,1.0,1,0.0095,1,nan,0,0,1,0,0,0,0
20260903-024528_adaptive-add-linear-c40-qwen3-8b_qwen3-8b,log_103_comparison_200-198,steered_pos,109,109,0.1308,1,0.1495,0,nan,0,0,0,1,0,0,0
20260903-024528_adaptive-add-linear-c40-qwen3-8b_qwen3-8b,log_103_comparison_200-198,steered_neg,110,110,1.0,1,0.0093,0,nan,0,0,0,0,0,0,1
20260903-024528_adaptive-add-linear-c40-qwen3-8b_qwen3-8b,log_103_comparison_200-81,initial,109,109,0.9813,1,0.0187,1,nan,0,0,1,0,0,0,0
20260903-024528_adaptive-add-linear-c40-qwen3-8b_qwen3-8b,log_103_comparison_200-81,steered_pos,72,72,0.7571,1,0.0286,0,nan,0,0,0,0,0,0,1
20260903-024528_adaptive-add-linear-c40-qwen3-8b_qwen3-8b,log_103_comparison_200-81,steered_neg,114,114,0.9196,1,0.0179,0,nan,0,0,0,0,0,0,1
20260903-024528_adaptive-add-linear-c40-qwen3-8b_qwen3-8b,log_103_comparison_200-20,initial,107,107,0.9619,1,0.0286,1,nan,0,0,1,0,0,0,0
20260903-024528_adaptive-add-linear-c40-qwen3-8b_qwen3-8b,log_103_comparison_200-20,steered_pos,49,49,0.8723,1,0.0426,0,nan,0,0,0,0,0,0,1
20260903-024528_adaptive-add-linear-c40-qwen3-8b_qwen3-8b,log_103_comparison_200-20,steered_neg,101,101,0.9697,1,0.0202,0,nan,0,0,0,0,0,0,1
20260903-024528_adaptive-add-linear-c40-qwen3-8b_qwen3-8b,log_103_comparison_200-155,initial,108,108,0.9906,1,0.0189,1,nan,0,0,1,0,0,0,0
20260903-024528_adaptive-add-linear-c40-qwen3-8b_qwen3-8b,log_103_comparison_200-155,steered_pos,104,104,0.4412,1,0.0686,0,nan,0,0,0,1,0,0,0
20260903-024528_adaptive-add-linear-c40-qwen3-8b_qwen3-8b,log_103_comparison_200-155,steered_neg,112,112,0.9909,1,0.0182,0,nan,0,0,0,0,0,0,1
20260903-024528_adaptive-add-linear-c40-qwen3-8b_qwen3-8b,log_103_comparison_200-114,initial,105,105,1.0,1,0.0097,1,nan,0,0,1,0,0,0,0
20260903-024528_adaptive-add-linear-c40-qwen3-8b_qwen3-8b,log_103_comparison_200-114,steered_pos,78,78,0.4211,1,0.0921,0,nan,0,0,0,1,0,0,0
20260903-024528_adaptive-add-linear-c40-qwen3-8b_qwen3-8b,log_103_comparison_200-114,steered_neg,111,111,0.8624,1,0.0275,0,nan,0,0,0,0,0,0,1
20260903-024528_adaptive-add-linear-c40-qwen3-8b_qwen3-8b,log_103_comparison_200-139,initial,101,101,0.9798,1,0.0202,1,nan,0,0,1,0,0,0,0
20260903-024528_adaptive-add-linear-c40-qwen3-8b_qwen3-8b,log_103_comparison_200-139,steered_pos,71,71,0.4493,1,0.058,0,nan,0,0,0,1,0,0,0
20260903-024528_adaptive-add-linear-c40-qwen3-8b_qwen3-8b,log_103_comparison_200-139,steered_neg,107,107,0.8952,1,0.0286,0,nan,0,0,0,0,0,0,1
20260903-024528_adaptive-add-linear-c40-qwen3-8b_qwen3-8b,log_103_comparison_200-36,initial,104,104,1.0,1,0.0098,1,nan,0,0,1,0,0,0,0
20260903-024528_adaptive-add-linear-c40-qwen3-8b_qwen3-8b,log_103_comparison_200-36,steered_pos,82,82,0.8625,1,0.05,1,nan,0,0,1,0,0,0,0
20260903-024528_adaptive-add-linear-c40-qwen3-8b_qwen3-8b,log_103_comparison_200-36,steered_neg,85,85,0.9759,1,0.0241,0,nan,0,0,0,0,0,0,1
20260903-024528_adaptive-add-linear-c40-qwen3-8b_qwen3-8b,log_103_comparison_200-61,initial,111,111,1.0,1,0.0092,1,nan,0,0,1,0,0,0,0
20260903-024528_adaptive-add-linear-c40-qwen3-8b_qwen3-8b,log_103_comparison_200-61,steered_pos,86,86,0.1071,1,0.1667,0,nan,0,0,0,1,0,0,0
20260903-024528_adaptive-add-linear-c40-qwen3-8b_qwen3-8b,log_103_comparison_200-61,steered_neg,94,94,0.9783,1,0.0217,0,nan,0,0,0,0,0,0,1
20260903-024528_adaptive-add-linear-c40-qwen3-8b_qwen3-8b,log_103_comparison_200-56,initial,104,104,0.951,1,0.0196,1,nan,0,0,1,0,0,0,0
20260903-024528_adaptive-add-linear-c40-qwen3-8b_qwen3-8b,log_103_comparison_200-56,steered_pos,103,103,0.4653,1,0.0693,1,nan,0,0,1,1,0,0,0
20260903-024528_adaptive-add-linear-c40-qwen3-8b_qwen3-8b,log_103_comparison_200-56,steered_neg,108,108,0.9906,1,0.0189,0,nan,0,0,0,0,0,0,1
20260903-024528_adaptive-add-linear-c40-qwen3-8b_qwen3-8b,log_103_comparison_200-145,initial,104,104,0.9804,1,0.0196,1,nan,0,0,1,0,0,0,0
20260903-024528_adaptive-add-linear-c40-qwen3-8b_qwen3-8b,log_103_comparison_200-145,steered_pos,83,83,0.5185,1,0.0247,0,nan,0,0,0,0,0,0,1
20260903-024528_adaptive-add-linear-c40-qwen3-8b_qwen3-8b,log_103_comparison_200-145,steered_neg,114,114,0.9464,1,0.0268,0,nan,0,0,0,0,0,0,1
20260903-024528_adaptive-add-linear-c40-qwen3-8b_qwen3-8b,log_103_comparison_200-48,initial,106,106,0.9808,1,0.0192,1,nan,0,0,1,0,0,0,0
20260903-024528_adaptive-add-linear-c40-qwen3-8b_qwen3-8b,log_103_comparison_200-48,steered_pos,29,29,0.963,1,0.0741,0,nan,0,0,0,0,0,0,1
20260903-024528_adaptive-add-linear-c40-qwen3-8b_qwen3-8b,log_103_comparison_200-48,steered_neg,108,108,0.8019,1,0.0377,0,nan,0,0,0,0,0,0,1
20260903-024528_adaptive-add-linear-c40-qwen3-8b_qwen3-8b,log_103_comparison_200-16,initial,105,105,1.0,1,0.0097,1,nan,0,0,1,0,0,0,0
20260903-024528_adaptive-add-linear-c40-qwen3-8b_qwen3-8b,log_103_comparison_200-16,steered_pos,48,48,0.9783,1,0.0435,0,nan,0,0,0,0,0,0,1
20260903-024528_adaptive-add-linear-c40-qwen3-8b_qwen3-8b,log_103_comparison_200-16,steered_neg,104,104,0.9216,1,0.0196,0,nan,0,0,0,0,0,0,1
20260903-024528_adaptive-add-linear-c40-qwen3-8b_qwen3-8b,log_103_comparison_200-83,initial,97,97,0.9895,1,0.0211,1,nan,0,0,1,0,0,0,0
20260903-024528_adaptive-add-linear-c40-qwen3-8b_qwen3-8b,log_103_comparison_200-83,steered_pos,73,73,0.5634,1,0.0845,1,nan,0,0,1,0,0,0,0
20260903-024528_adaptive-add-linear-c40-qwen3-8b_qwen3-8b,log_103_comparison_200-83,steered_neg,109,109,0.7477,1,0.0187,0,nan,0,0,0,0,0,0,1
20260903-024528_adaptive-add-linear-c40-qwen3-8b_qwen3-8b,log_103_comparison_200-62,initial,108,108,0.9906,1,0.0189,1,nan,0,0,1,0,0,0,0
20260903-024528_adaptive-add-linear-c40-qwen3-8b_qwen3-8b,log_103_comparison_200-62,steered_pos,76,76,0.7703,1,0.0676,0,nan,0,0,0,0,0,0,1
20260903-024528_adaptive-add-linear-c40-qwen3-8b_qwen3-8b,log_103_comparison_200-62,steered_neg,111,111,0.7431,1,0.0183,0,nan,0,0,0,0,0,0,1
20260903-024528_adaptive-add-linear-c40-qwen3-8b_qwen3-8b,log_103_comparison_200-85,initial,105,105,0.9709,1,0.0194,1,nan,0,0,1,0,0,0,0
20260903-024528_adaptive-add-linear-c40-qwen3-8b_qwen3-8b,log_103_comparison_200-85,steered_pos,74,74,0.875,1,0.0556,0,nan,0,0,0,0,0,0,1
20260903-024528_adaptive-add-linear-c40-qwen3-8b_qwen3-8b,log_103_comparison_200-85,steered_neg,115,115,0.4513,1,0.0442,0,nan,0,0,0,1,0,0,0
20260903-024528_adaptive-add-linear-c40-qwen3-8b_qwen3-8b,log_103_comparison_200-126,initial,96,96,1.0,1,0.0106,1,nan,0,0,1,0,0,0,0
20260903-024528_adaptive-add-linear-c40-qwen3-8b_qwen3-8b,log_103_comparison_200-126,steered_pos,34,34,0.875,1,0.0625,0,nan,0,0,0,0,0,0,1
20260903-024528_adaptive-add-linear-c40-qwen3-8b_qwen3-8b,log_103_comparison_200-126,steered_neg,108,108,0.8396,1,0.0283,0,nan,0,0,0,0,0,0,1
20260903-024528_adaptive-add-linear-c40-qwen3-8b_qwen3-8b,log_103_comparison_200-0,initial,106,106,0.9808,1,0.0192,1,nan,0,0,1,0,0,0,0
20260903-024528_adaptive-add-linear-c40-qwen3-8b_qwen3-8b,log_103_comparison_200-0,steered_pos,88,88,0.2907,1,0.0814,0,nan,0,0,0,1,0,0,0
20260903-024528_adaptive-add-linear-c40-qwen3-8b_qwen3-8b,log_103_comparison_200-0,steered_neg,104,104,0.9902,1,0.0196,0,nan,0,0,0,0,0,0,1
20260903-024528_adaptive-add-linear-c40-qwen3-8b_qwen3-8b,log_103_comparison_200-102,initial,98,98,0.9583,1,0.0208,1,nan,0,0,1,0,0,0,0
20260903-024528_adaptive-add-linear-c40-qwen3-8b_qwen3-8b,log_103_comparison_200-102,steered_pos,91,91,0.4944,1,0.0449,0,nan,0,0,0,1,0,0,0
20260903-024528_adaptive-add-linear-c40-qwen3-8b_qwen3-8b,log_103_comparison_200-102,steered_neg,110,110,0.6667,1,0.0185,0,nan,0,0,0,0,0,0,1
20260903-024528_adaptive-add-linear-c40-qwen3-8b_qwen3-8b,log_103_comparison_200-23,initial,104,104,1.0,1,0.0098,1,nan,0,0,1,0,0,0,0
20260903-024528_adaptive-add-linear-c40-qwen3-8b_qwen3-8b,log_103_comparison_200-23,steered_pos,84,84,0.2561,1,0.1463,0,nan,0,0,0,1,0,0,0
20260903-024528_adaptive-add-linear-c40-qwen3-8b_qwen3-8b,log_103_comparison_200-23,steered_neg,99,99,0.9691,1,0.0206,0,nan,0,0,0,0,0,0,1
20260903-024528_adaptive-add-linear-c40-qwen3-8b_qwen3-8b,log_103_comparison_200-3,initial,101,101,0.9293,1,0.0404,1,nan,0,0,1,0,0,0,0
20260903-024528_adaptive-add-linear-c40-qwen3-8b_qwen3-8b,log_103_comparison_200-3,steered_pos,53,53,0.5294,1,0.0392,0,nan,0,0,0,0,0,0,1
20260903-024528_adaptive-add-linear-c40-qwen3-8b_qwen3-8b,log_103_comparison_200-3,steered_neg,119,119,0.4274,1,0.0427,0,nan,0,0,0,1,0,0,0
20260903-024528_adaptive-add-linear-c40-qwen3-8b_qwen3-8b,log_103_comparison_200-140,initial,99,99,0.9588,1,0.0206,1,nan,0,0,1,0,0,0,0
20260903-024528_adaptive-add-linear-c40-qwen3-8b_qwen3-8b,log_103_comparison_200-140,steered_pos,83,83,0.7901,1,0.0494,0,nan,0,0,0,0,0,0,1
20260903-024528_adaptive-add-linear-c40-qwen3-8b_qwen3-8b,log_103_comparison_200-140,steered_neg,118,118,0.2845,1,0.1552,0,nan,0,0,0,1,0,0,0
20260903-024528_adaptive-add-linear-c40-qwen3-8b_qwen3-8b,log_103_comparison_200-15,initial,105,105,0.9903,1,0.0194,1,nan,0,0,1,0,0,0,0
20260903-024528_adaptive-add-linear-c40-qwen3-8b_qwen3-8b,log_103_comparison_200-15,steered_pos,80,80,0.4872,1,0.0513,0,nan,0,0,0,1,0,0,0
20260903-024528_adaptive-add-linear-c40-qwen3-8b_qwen3-8b,log_103_comparison_200-15,steered_neg,111,111,0.5229,1,0.0459,0,nan,0,0,0,0,0,0,1
20260903-024528_adaptive-add-linear-c40-qwen3-8b_qwen3-8b,log_103_comparison_200-195,initial,110,110,0.9815,1,0.0185,1,nan,0,0,1,0,0,0,0
20260903-024528_adaptive-add-linear-c40-qwen3-8b_qwen3-8b,log_103_comparison_200-195,steered_pos,31,31,0.9655,1,0.069,0,nan,0,0,0,0,0,0,1
20260903-024528_adaptive-add-linear-c40-qwen3-8b_qwen3-8b,log_103_comparison_200-195,steered_neg,103,103,0.6436,1,0.0396,0,nan,0,0,0,0,0,0,1
20260903-024528_adaptive-add-linear-c40-qwen3-8b_qwen3-8b,log_103_comparison_200-133,initial,108,108,0.934,1,0.0283,1,nan,0,0,1,0,0,0,0
20260903-024528_adaptive-add-linear-c40-qwen3-8b_qwen3-8b,log_103_comparison_200-133,steered_pos,55,55,0.5283,1,0.0377,0,nan,0,0,0,0,0,0,1
20260903-024528_adaptive-add-linear-c40-qwen3-8b_qwen3-8b,log_103_comparison_200-133,steered_neg,114,114,0.8214,1,0.1786,0,nan,0,0,0,0,0,0,1
20260903-024528_adaptive-add-linear-c40-qwen3-8b_qwen3-8b,log_103_comparison_200-113,initial,110,110,0.963,1,0.0185,1,nan,0,0,1,0,0,0,0
20260903-024528_adaptive-add-linear-c40-qwen3-8b_qwen3-8b,log_103_comparison_200-113,steered_pos,71,71,0.4783,1,0.058,0,nan,0,0,0,1,0,0,0
20260903-024528_adaptive-add-linear-c40-qwen3-8b_qwen3-8b,log_103_comparison_200-113,steered_neg,100,100,0.4796,1,0.0306,0,nan,0,0,0,1,0,0,0
20260903-024528_adaptive-add-linear-c40-qwen3-8b_qwen3-8b,log_103_comparison_200-190,initial,102,102,0.95,1,0.03,0,nan,0,0,0,0,0,0,1
20260903-024528_adaptive-add-linear-c40-qwen3-8b_qwen3-8b,log_103_comparison_200-190,steered_pos,107,107,0.9048,2,0.0286,0,nan,0,0,0,0,0,0,1
20260903-024528_adaptive-add-linear-c40-qwen3-8b_qwen3-8b,log_103_comparison_200-190,steered_neg,111,111,0.9817,1,0.0183,0,nan,0,0,0,0,0,0,1
20260903-024528_adaptive-add-linear-c40-qwen3-8b_qwen3-8b,log_103_comparison_200-141,initial,104,104,1.0,1,0.0098,1,nan,0,0,1,0,0,0,0
20260903-024528_adaptive-add-linear-c40-qwen3-8b_qwen3-8b,log_103_comparison_200-141,steered_pos,94,94,0.913,1,0.0217,0,nan,0,0,0,0,0,0,1
20260903-024528_adaptive-add-linear-c40-qwen3-8b_qwen3-8b,log_103_comparison_200-141,steered_neg,111,111,0.6697,1,0.0183,0,nan,0,0,0,0,0,0,1
20260903-024528_adaptive-add-linear-c40-qwen3-8b_qwen3-8b,log_103_comparison_200-52,initial,109,109,0.9813,1,0.0187,1,nan,0,0,1,0,0,0,0
20260903-024528_adaptive-add-linear-c40-qwen3-8b_qwen3-8b,log_103_comparison_200-52,steered_pos,75,75,0.8219,1,0.0411,0,nan,0,0,0,0,0,0,1
20260903-024528_adaptive-add-linear-c40-qwen3-8b_qwen3-8b,log_103_comparison_200-52,steered_neg,107,107,0.7524,1,0.019,0,nan,0,0,0,0,0,0,1
20260903-024528_adaptive-add-linear-c40-qwen3-8b_qwen3-8b,log_103_comparison_200-163,initial,107,107,1.0,1,0.0095,1,nan,0,0,1,0,0,0,0
20260903-024528_adaptive-add-linear-c40-qwen3-8b_qwen3-8b,log_103_comparison_200-163,steered_pos,96,96,0.4574,1,0.0532,1,nan,0,0,1,1,0,0,0
20260903-024528_adaptive-add-linear-c40-qwen3-8b_qwen3-8b,log_103_comparison_200-163,steered_neg,108,108,1.0,1,0.0094,0,nan,0,0,0,0,0,0,1
20260903-024528_adaptive-add-linear-c40-qwen3-8b_qwen3-8b,log_103_comparison_200-156,initial,109,109,1.0,1,0.0093,1,nan,0,0,1,0,0,0,0
20260903-024528_adaptive-add-linear-c40-qwen3-8b_qwen3-8b,log_103_comparison_200-156,steered_pos,106,106,0.2019,1,0.0769,0,nan,0,0,0,1,0,0,0
20260903-024528_adaptive-add-linear-c40-qwen3-8b_qwen3-8b,log_103_comparison_200-156,steered_neg,108,108,0.934,1,0.0189,0,nan,0,0,0,0,0,0,1
20260903-024528_adaptive-add-linear-c40-qwen3-8b_qwen3-8b,log_103_comparison_200-80,initial,105,105,0.9806,1,0.0194,1,nan,0,0,1,0,0,0,0
20260903-024528_adaptive-add-linear-c40-qwen3-8b_qwen3-8b,log_103_comparison_200-80,steered_pos,48,48,0.9565,1,0.0435,0,nan,0,0,0,0,0,0,1
20260903-024528_adaptive-add-linear-c40-qwen3-8b_qwen3-8b,log_103_comparison_200-80,steered_neg,106,106,0.9327,1,0.0288,0,nan,0,0,0,0,0,0,1
20260903-024528_adaptive-add-linear-c40-qwen3-8b_qwen3-8b,log_103_comparison_200-111,initial,106,106,0.9904,1,0.0192,1,nan,0,0,1,0,0,0,0
20260903-024528_adaptive-add-linear-c40-qwen3-8b_qwen3-8b,log_103_comparison_200-111,steered_pos,48,48,1.0,1,0.0217,0,nan,0,0,0,0,0,0,1
20260903-024528_adaptive-add-linear-c40-qwen3-8b_qwen3-8b,log_103_comparison_200-111,steered_neg,105,105,0.932,1,0.0291,0,nan,0,0,0,0,0,0,1
20260903-024528_adaptive-add-linear-c40-qwen3-8b_qwen3-8b,log_103_comparison_200-90,initial,101,101,0.9899,1,0.0202,1,nan,0,0,1,0,0,0,0
20260903-024528_adaptive-add-linear-c40-qwen3-8b_qwen3-8b,log_103_comparison_200-90,steered_pos,54,54,0.9808,1,0.0385,0,nan,0,0,0,0,0,0,1
20260903-024528_adaptive-add-linear-c40-qwen3-8b_qwen3-8b,log_103_comparison_200-90,steered_neg,108,108,0.8302,1,0.0189,0,nan,0,0,0,0,0,0,1
20260903-024528_adaptive-add-linear-c40-qwen3-8b_qwen3-8b,log_103_comparison_200-175,initial,98,98,1.0,1,0.0104,1,nan,0,0,1,0,0,0,0
20260903-024528_adaptive-add-linear-c40-qwen3-8b_qwen3-8b,log_103_comparison_200-175,steered_pos,45,45,0.8837,1,0.0465,0,nan,0,0,0,0,0,0,1
20260903-024528_adaptive-add-linear-c40-qwen3-8b_qwen3-8b,log_103_comparison_200-175,steered_neg,109,109,0.8411,1,0.028,0,nan,0,0,0,0,0,0,1
20260903-024528_adaptive-add-linear-c40-qwen3-8b_qwen3-8b,log_103_comparison_200-143,initial,103,103,1.0,1,0.0099,1,nan,0,0,1,0,0,0,0
20260903-024528_adaptive-add-linear-c40-qwen3-8b_qwen3-8b,log_103_comparison_200-143,steered_pos,46,46,1.0,1,0.0227,0,nan,0,0,0,0,0,0,1
20260903-024528_adaptive-add-linear-c40-qwen3-8b_qwen3-8b,log_103_comparison_200-143,steered_neg,101,101,0.9798,1,0.0202,0,nan,0,0,0,0,0,0,1
20260903-024528_adaptive-add-linear-c40-qwen3-8b_qwen3-8b,log_103_comparison_200-120,initial,101,101,0.9798,1,0.0202,1,nan,0,0,1,0,0,0,0
20260903-024528_adaptive-add-linear-c40-qwen3-8b_qwen3-8b,log_103_comparison_200-120,steered_pos,70,70,0.6029,1,0.0588,0,nan,0,0,0,0,0,0,1
20260903-024528_adaptive-add-linear-c40-qwen3-8b_qwen3-8b,log_103_comparison_200-120,steered_neg,100,100,0.9796,1,0.0204,0,nan,0,0,0,0,0,0,1
20260903-024528_adaptive-add-linear-c40-qwen3-8b_qwen3-8b,log_103_comparison_200-84,initial,98,98,0.9688,1,0.0208,1,nan,0,0,1,0,0,0,0
20260903-024528_adaptive-add-linear-c40-qwen3-8b_qwen3-8b,log_103_comparison_200-84,steered_pos,80,80,0.6667,1,0.0641,0,nan,0,0,0,0,0,0,1
20260903-024528_adaptive-add-linear-c40-qwen3-8b_qwen3-8b,log_103_comparison_200-84,steered_neg,111,111,0.945,1,0.0183,0,nan,0,0,0,0,0,0,1
20260903-024528_adaptive-add-linear-c40-qwen3-8b_qwen3-8b,log_103_comparison_200-18,initial,98,98,1.0,1,0.0104,1,nan,0,0,1,0,0,0,0
20260903-024528_adaptive-add-linear-c40-qwen3-8b_qwen3-8b,log_103_comparison_200-18,steered_pos,45,45,1.0,1,0.0233,0,nan,0,0,0,0,0,0,1
20260903-024528_adaptive-add-linear-c40-qwen3-8b_qwen3-8b,log_103_comparison_200-18,steered_neg,108,108,1.0,1,0.0094,0,nan,0,0,0,0,0,0,1
20260903-024528_adaptive-add-linear-c40-qwen3-8b_qwen3-8b,log_103_comparison_200-25,initial,106,106,1.0,1,0.0096,1,nan,0,0,1,0,0,0,0
20260903-024528_adaptive-add-linear-c40-qwen3-8b_qwen3-8b,log_103_comparison_200-25,steered_pos,30,30,1.0,1,0.0357,0,nan,0,0,0,0,0,0,1
20260903-024528_adaptive-add-linear-c40-qwen3-8b_qwen3-8b,log_103_comparison_200-25,steered_neg,113,113,0.6937,1,0.036,0,nan,0,0,0,0,0,0,1
20260903-024528_adaptive-add-linear-c40-qwen3-8b_qwen3-8b,log_103_comparison_200-79,initial,109,109,0.9813,1,0.0187,1,nan,0,0,1,0,0,0,0
20260903-024528_adaptive-add-linear-c40-qwen3-8b_qwen3-8b,log_103_comparison_200-79,steered_pos,116,116,0.2895,1,0.0789,0,nan,0,0,0,1,0,0,0
20260903-024528_adaptive-add-linear-c40-qwen3-8b_qwen3-8b,log_103_comparison_200-79,steered_neg,111,111,0.9266,1,0.0183,0,nan,0,0,0,0,0,0,1
20260903-024528_adaptive-add-linear-c40-qwen3-8b_qwen3-8b,log_103_comparison_200-37,initial,96,96,0.9894,1,0.0213,1,nan,0,0,1,0,0,0,0
20260903-024528_adaptive-add-linear-c40-qwen3-8b_qwen3-8b,log_103_comparison_200-37,steered_pos,40,40,0.9211,1,0.0526,0,nan,0,0,0,0,0,0,1
20260903-024528_adaptive-add-linear-c40-qwen3-8b_qwen3-8b,log_103_comparison_200-37,steered_neg,102,102,0.99,1,0.02,0,nan,0,0,0,0,0,0,1
20260903-024528_adaptive-add-linear-c40-qwen3-8b_qwen3-8b,log_103_comparison_200-154,initial,105,105,1.0,1,0.0097,1,nan,0,0,1,0,0,0,0
20260903-024528_adaptive-add-linear-c40-qwen3-8b_qwen3-8b,log_103_comparison_200-154,steered_pos,27,27,0.88,1,0.08,0,nan,0,0,0,0,0,0,1
20260903-024528_adaptive-add-linear-c40-qwen3-8b_qwen3-8b,log_103_comparison_200-154,steered_neg,111,111,1.0,1,0.0092,0,nan,0,0,0,0,0,0,1
20260903-024528_adaptive-add-linear-c40-qwen3-8b_qwen3-8b,log_103_comparison_200-136,initial,103,103,1.0,1,0.0099,1,nan,0,0,1,0,0,0,0
20260903-024528_adaptive-add-linear-c40-qwen3-8b_qwen3-8b,log_103_comparison_200-136,steered_pos,34,34,0.9375,1,0.0625,0,nan,0,0,0,0,0,0,1
20260903-024528_adaptive-add-linear-c40-qwen3-8b_qwen3-8b,log_103_comparison_200-136,steered_neg,105,105,0.2524,1,0.3786,0,nan,0,0,0,1,0,0,0
20260903-024528_adaptive-add-linear-c40-qwen3-8b_qwen3-8b,log_103_comparison_200-64,initial,105,105,1.0,1,0.0097,1,nan,0,0,1,0,0,0,0
20260903-024528_adaptive-add-linear-c40-qwen3-8b_qwen3-8b,log_103_comparison_200-64,steered_pos,41,41,1.0,1,0.0256,0,nan,0,0,0,0,0,0,1
20260903-024528_adaptive-add-linear-c40-qwen3-8b_qwen3-8b,log_103_comparison_200-64,steered_neg,119,119,0.2906,1,0.2137,0,nan,0,0,0,1,0,0,0
20260903-024528_adaptive-add-linear-c40-qwen3-8b_qwen3-8b,log_103_comparison_200-158,initial,110,110,0.9537,1,0.0185,1,nan,0,0,1,0,0,0,0
20260903-024528_adaptive-add-linear-c40-qwen3-8b_qwen3-8b,log_103_comparison_200-158,steered_pos,105,105,0.4757,1,0.0583,0,nan,0,0,0,1,0,0,0
20260903-024528_adaptive-add-linear-c40-qwen3-8b_qwen3-8b,log_103_comparison_200-158,steered_neg,105,105,0.9709,1,0.0291,0,nan,0,0,0,0,0,0,1
20260903-024528_adaptive-add-linear-c40-qwen3-8b_qwen3-8b,log_103_comparison_200-24,initial,100,100,1.0,1,0.0102,1,nan,0,0,1,0,0,0,0
20260903-024528_adaptive-add-linear-c40-qwen3-8b_qwen3-8b,log_103_comparison_200-24,steered_pos,17,17,1.0,1,0.0667,0,nan,0,0,0,0,0,0,1
20260903-024528_adaptive-add-linear-c40-qwen3-8b_qwen3-8b,log_103_comparison_200-24,steered_neg,109,109,0.729,1,0.0187,0,nan,0,0,0,0,0,0,1
20260903-024528_adaptive-add-linear-c40-qwen3-8b_qwen3-8b,log_103_comparison_200-185,initial,107,107,0.9714,1,0.019,1,nan,0,0,1,0,0,0,0
20260903-024528_adaptive-add-linear-c40-qwen3-8b_qwen3-8b,log_103_comparison_200-185,steered_pos,75,75,0.7123,1,0.0548,1,nan,0,0,1,0,0,0,0
20260903-024528_adaptive-add-linear-c40-qwen3-8b_qwen3-8b,log_103_comparison_200-185,steered_neg,106,106,0.7981,1,0.0385,0,nan,0,0,0,0,0,0,1
20260903-024528_adaptive-add-linear-c40-qwen3-8b_qwen3-8b,log_103_comparison_200-72,initial,104,104,0.9804,1,0.0196,1,nan,0,0,1,0,0,0,0
20260903-024528_adaptive-add-linear-c40-qwen3-8b_qwen3-8b,log_103_comparison_200-72,steered_pos,93,93,0.4615,1,0.044,0,nan,0,0,0,1,0,0,0
20260903-024528_adaptive-add-linear-c40-qwen3-8b_qwen3-8b,log_103_comparison_200-72,steered_neg,107,107,0.8571,1,0.0476,0,nan,0,0,0,0,0,0,1
20260903-024528_adaptive-add-linear-c40-qwen3-8b_qwen3-8b,log_103_comparison_200-35,initial,102,102,0.98,1,0.02,1,nan,0,0,1,0,0,0,0
20260903-024528_adaptive-add-linear-c40-qwen3-8b_qwen3-8b,log_103_comparison_200-35,steered_pos,100,100,0.5612,1,0.0306,0,nan,0,0,0,0,0,0,1
20260903-024528_adaptive-add-linear-c40-qwen3-8b_qwen3-8b,log_103_comparison_200-35,steered_neg,108,108,0.9623,1,0.0189,0,nan,0,0,0,0,0,0,1
20260903-024528_adaptive-add-linear-c40-qwen3-8b_qwen3-8b,log_103_comparison_200-129,initial,105,105,0.9903,1,0.0194,1,nan,0,0,1,0,0,0,0
20260903-024528_adaptive-add-linear-c40-qwen3-8b_qwen3-8b,log_103_comparison_200-129,steered_pos,90,90,0.4432,1,0.0682,0,nan,0,0,0,1,0,0,0
20260903-024528_adaptive-add-linear-c40-qwen3-8b_qwen3-8b,log_103_comparison_200-129,steered_neg,106,106,0.8077,1,0.0288,0,nan,0,0,0,0,0,0,1
20260903-024528_adaptive-add-linear-c40-qwen3-8b_qwen3-8b,log_103_comparison_200-55,initial,107,107,1.0,1,0.0095,1,nan,0,0,1,0,0,0,0
20260903-024528_adaptive-add-linear-c40-qwen3-8b_qwen3-8b,log_103_comparison_200-55,steered_pos,29,29,1.0,1,0.037,0,nan,0,0,0,0,0,0,1
20260903-024528_adaptive-add-linear-c40-qwen3-8b_qwen3-8b,log_103_comparison_200-55,steered_neg,113,113,0.7297,1,0.027,0,nan,0,0,0,0,0,0,1
20260903-024528_adaptive-add-linear-c40-qwen3-8b_qwen3-8b,log_103_comparison_200-149,initial,103,103,1.0,1,0.0099,1,nan,0,0,1,0,0,0,0
20260903-024528_adaptive-add-linear-c40-qwen3-8b_qwen3-8b,log_103_comparison_200-149,steered_pos,23,23,1.0,1,0.0476,0,nan,0,0,0,0,0,0,1
20260903-024528_adaptive-add-linear-c40-qwen3-8b_qwen3-8b,log_103_comparison_200-149,steered_neg,111,111,0.9083,1,0.0183,0,nan,0,0,0,0,0,0,1
20260903-024528_adaptive-add-linear-c40-qwen3-8b_qwen3-8b,log_103_comparison_200-91,initial,100,100,1.0,1,0.0102,1,nan,0,0,1,0,0,0,0
20260903-024528_adaptive-add-linear-c40-qwen3-8b_qwen3-8b,log_103_comparison_200-91,steered_pos,89,89,0.5172,1,0.023,0,nan,0,0,0,0,0,0,1
20260903-024528_adaptive-add-linear-c40-qwen3-8b_qwen3-8b,log_103_comparison_200-91,steered_neg,114,114,0.6429,1,0.3304,0,nan,0,0,0,0,0,0,1
20260903-024528_adaptive-add-linear-c40-qwen3-8b_qwen3-8b,log_103_comparison_200-122,initial,112,112,0.9818,1,0.0182,1,nan,0,0,1,0,0,0,0
20260903-024528_adaptive-add-linear-c40-qwen3-8b_qwen3-8b,log_103_comparison_200-122,steered_pos,92,92,0.9222,1,0.0333,0,nan,0,0,0,0,0,0,1
20260903-024528_adaptive-add-linear-c40-qwen3-8b_qwen3-8b,log_103_comparison_200-122,steered_neg,109,109,0.7477,1,0.0467,0,nan,0,0,0,0,0,0,1
20260903-024528_adaptive-add-linear-c40-qwen3-8b_qwen3-8b,log_103_comparison_200-77,initial,102,102,1.0,1,0.01,1,nan,0,0,1,0,0,0,0
20260903-024528_adaptive-add-linear-c40-qwen3-8b_qwen3-8b,log_103_comparison_200-77,steered_pos,89,89,0.5172,1,0.023,0,nan,0,0,0,0,0,0,1
20260903-024528_adaptive-add-linear-c40-qwen3-8b_qwen3-8b,log_103_comparison_200-77,steered_neg,110,110,0.7685,1,0.0185,0,nan,0,0,0,0,0,0,1
20260903-024528_adaptive-add-linear-c40-qwen3-8b_qwen3-8b,log_103_comparison_200-103,initial,114,114,1.0,1,0.0089,1,nan,0,0,1,0,0,0,0
20260903-024528_adaptive-add-linear-c40-qwen3-8b_qwen3-8b,log_103_comparison_200-103,steered_pos,54,54,1.0,1,0.0192,0,nan,0,0,0,0,0,0,1
20260903-024528_adaptive-add-linear-c40-qwen3-8b_qwen3-8b,log_103_comparison_200-103,steered_neg,108,108,0.4717,1,0.0283,0,nan,0,0,0,1,0,0,0
20260903-024528_adaptive-add-linear-c40-qwen3-8b_qwen3-8b,log_103_comparison_200-124,initial,105,105,0.9903,1,0.0194,1,nan,0,0,1,0,0,0,0
20260903-024528_adaptive-add-linear-c40-qwen3-8b_qwen3-8b,log_103_comparison_200-124,steered_pos,101,101,0.7071,1,0.0606,1,nan,0,0,1,0,0,0,0
20260903-024528_adaptive-add-linear-c40-qwen3-8b_qwen3-8b,log_103_comparison_200-124,steered_neg,115,115,1.0,1,0.0088,0,nan,0,0,0,0,0,0,1
20260903-024528_adaptive-add-linear-c40-qwen3-8b_qwen3-8b,log_103_comparison_200-130,initial,106,106,0.9712,1,0.0192,1,nan,0,0,1,0,0,0,0
20260903-024528_adaptive-add-linear-c40-qwen3-8b_qwen3-8b,log_103_comparison_200-130,steered_pos,75,75,0.3562,1,0.0548,1,nan,0,0,1,1,0,0,0
20260903-024528_adaptive-add-linear-c40-qwen3-8b_qwen3-8b,log_103_comparison_200-130,steered_neg,97,97,1.0,1,0.0105,0,nan,0,0,0,0,0,0,1
20260903-024528_adaptive-add-linear-c40-qwen3-8b_qwen3-8b,log_103_comparison_200-66,initial,108,108,1.0,1,0.0094,1,nan,0,0,1,0,0,0,0
20260903-024528_adaptive-add-linear-c40-qwen3-8b_qwen3-8b,log_103_comparison_200-66,steered_pos,49,49,0.9574,1,0.0426,0,nan,0,0,0,0,0,0,1
20260903-024528_adaptive-add-linear-c40-qwen3-8b_qwen3-8b,log_103_comparison_200-66,steered_neg,102,102,0.96,1,0.02,0,nan,0,0,0,0,0,0,1
20260903-024528_adaptive-add-linear-c40-qwen3-8b_qwen3-8b,log_103_comparison_200-10,initial,102,102,0.99,1,0.02,1,nan,0,0,1,0,0,0,0
20260903-024528_adaptive-add-linear-c40-qwen3-8b_qwen3-8b,log_103_comparison_200-10,steered_pos,45,45,0.5349,1,0.0465,0,nan,0,0,0,0,0,0,1
20260903-024528_adaptive-add-linear-c40-qwen3-8b_qwen3-8b,log_103_comparison_200-10,steered_neg,110,110,0.5278,1,0.0185,0,nan,0,0,0,0,0,0,1
20260903-024528_adaptive-add-linear-c40-qwen3-8b_qwen3-8b,log_103_comparison_200-107,initial,101,101,1.0,1,0.0101,1,nan,0,0,1,0,0,0,0
20260903-024528_adaptive-add-linear-c40-qwen3-8b_qwen3-8b,log_103_comparison_200-107,steered_pos,78,78,0.8947,1,0.0263,0,nan,0,0,0,0,0,0,1
20260903-024528_adaptive-add-linear-c40-qwen3-8b_qwen3-8b,log_103_comparison_200-107,steered_neg,110,110,1.0,1,0.0093,0,nan,0,0,0,0,0,0,1
20260903-024528_adaptive-add-linear-c40-qwen3-8b_qwen3-8b,log_103_comparison_200-194,initial,108,108,0.9906,1,0.0189,1,nan,0,0,1,0,0,0,0
20260903-024528_adaptive-add-linear-c40-qwen3-8b_qwen3-8b,log_103_comparison_200-194,steered_pos,78,78,0.9211,1,0.0263,0,nan,0,0,0,0,0,0,1
20260903-024528_adaptive-add-linear-c40-qwen3-8b_qwen3-8b,log_103_comparison_200-194,steered_neg,104,104,0.9412,1,0.0196,0,nan,0,0,0,0,0,0,1
20260903-024528_adaptive-add-linear-c40-qwen3-8b_qwen3-8b,log_103_comparison_200-98,initial,100,100,0.9796,1,0.0204,1,nan,0,0,1,0,0,0,0
20260903-024528_adaptive-add-linear-c40-qwen3-8b_qwen3-8b,log_103_comparison_200-98,steered_pos,75,75,0.6712,1,0.137,0,nan,0,0,0,0,0,0,1
20260903-024528_adaptive-add-linear-c40-qwen3-8b_qwen3-8b,log_103_comparison_200-98,steered_neg,109,109,0.6262,1,0.0374,0,nan,0,0,0,0,0,0,1
